lat,lon,type,title,link
54.444457,18.4196374,sport,Marba Sport,https://www.google.com/maps/place/Marba+Sport/data=!4m7!3m6!1s0x46fda1e56622f085:0xfa294cc6757b6b1d!8m2!3d54.444457!4d18.4196374!16s%2Fg%2F11fm1658g5!19sChIJhfAiZuWh_UYRHWt7dcZMKfo?authuser=0&hl=en&rclk=1
54.441666,18.410895,sport,Cyclo Sport Sp. J. Olejniczak,https://www.google.com/maps/place/Cyclo+Sport+Sp.+J.+Olejniczak/data=!4m7!3m6!1s0x46fda1fb9c83fd05:0x4500d3aebaca34ec!8m2!3d54.441666!4d18.410895!16s%2Fg%2F1td4nd3h!19sChIJBf2DnPuh_UYR7DTKuq7TAEU?authuser=0&hl=en&rclk=1
54.4732194,18.463831,sport,Buy Sports & Outdoor supplies online,https://www.google.com/maps/place/Buy+Sports+%26+Outdoor+supplies+online/data=!4m7!3m6!1s0x46fda10a1bd54c65:0x1e4d2766cfb8e6c8!8m2!3d54.4732194!4d18.463831!16s%2Fg%2F11fm16b7p6!19sChIJZUzVGwqh_UYRyOa4z2YnTR4?authuser=0&hl=en&rclk=1
54.472675,18.4640362,sport,Jahn Sport. Kowalski .,https://www.google.com/maps/place/Jahn+Sport.+Kowalski+%C5%81./data=!4m7!3m6!1s0x46fda109e2ac54ef:0x73ba1cea20d2efb8!8m2!3d54.472675!4d18.4640362!16s%2Fg%2F1tfphhnj!19sChIJ71Ss4gmh_UYRuO_SIOocunM?authuser=0&hl=en&rclk=1
54.435368,18.418612,sport,Modelscy Sport Club,https://www.google.com/maps/place/Modelscy+Sport+Club/data=!4m7!3m6!1s0x46fda1e23d645f5b:0x3dc2ebabd0ae56e7!8m2!3d54.435368!4d18.418612!16s%2Fg%2F11b6zptsk7!19sChIJW19kPeKh_UYR51au0Kvrwj0?authuser=0&hl=en&rclk=1
54.4599958,18.4633188,sport,Trampoliny Neo-Sport,https://www.google.com/maps/place/Trampoliny+Neo-Sport/data=!4m7!3m6!1s0x46fda14db79a9ab7:0x697f3cb7baf9ad60!8m2!3d54.4599958!4d18.4633188!16s%2Fg%2F11ghtq70q_!19sChIJt5qat02h_UYRYK35urc8f2k?authuser=0&hl=en&rclk=1
54.4143877,18.3725512,sport,Sklep sportowy i turystyczny sportbazar.pl,https://www.google.com/maps/place/Sklep+sportowy+i+turystyczny+sportbazar.pl/data=!4m7!3m6!1s0x46fd98cbbd0238e7:0x93778bbc605eefbf!8m2!3d54.4143877!4d18.3725512!16s%2Fg%2F11gbldsxj9!19sChIJ5zgCvcuY_UYRv-9eYLyLd5M?authuser=0&hl=en&rclk=1
54.4143877,18.3725512,sport,Marba-Sport Marcin Mocarski sp贸ka komandytowa,https://www.google.com/maps/place/Marba-Sport+Marcin+Mocarski+sp%C3%B3%C5%82ka+komandytowa/data=!4m7!3m6!1s0x46fd98cbbd3fdf57:0x9d61340d55fdf3ba!8m2!3d54.4143877!4d18.3725512!16s%2Fg%2F11_vdm9vl!19sChIJV98_vcuY_UYRuvP9VQ00YZ0?authuser=0&hl=en&rclk=1
54.4442543,18.4293331,sport,Ocean-Tech Sp. o.o.,https://www.google.com/maps/place/Ocean-Tech+Sp.+o.o./data=!4m7!3m6!1s0x46fda027dd5b23f9:0x93e322aae868a00a!8m2!3d54.4442543!4d18.4293331!16s%2Fg%2F11bv5ryfq4!19sChIJ-SNb3Seg_UYRCqBo6Koi45M?authuser=0&hl=en&rclk=1
54.450348,18.561663,sport,Sport Shop Lech Sokoowski,https://www.google.com/maps/place/Sport+Shop+Lech+Soko%C5%82owski/data=!4m7!3m6!1s0x46fd0a8f80c5dfd1:0x59f7634bec6509c4!8m2!3d54.450348!4d18.561663!16s%2Fg%2F1tffbwtj!19sChIJ0d_FgI8K_UYRxAll7Etj91k?authuser=0&hl=en&rclk=1
54.4592604,18.5570867,sport,Sklep sportowy Aqua-Sport,https://www.google.com/maps/place/Sklep+sportowy+Aqua-Sport/data=!4m7!3m6!1s0x46fd0b5b8cf39331:0x1886271ab522de4a!8m2!3d54.4592604!4d18.5570867!16s%2Fg%2F11hxz2pc25!19sChIJMZPzjFsL_UYRSt4itRonhhg?authuser=0&hl=en&rclk=1
54.4012554,18.5646606,sport,"Pro Sport s.c. Pesta, Janiak","https://www.google.com/maps/place/Pro+Sport+s.c.+Pesta,+Janiak/data=!4m7!3m6!1s0x46fd7530307be2c3:0x8d060561a49dd782!8m2!3d54.4012554!4d18.5646606!16s%2Fg%2F1vljf0nn!19sChIJw-J7MDB1_UYRgtedpGEFBo0?authuser=0&hl=en&rclk=1"
54.5047526,18.5320686,sport,INTERSPORT,https://www.google.com/maps/place/INTERSPORT/data=!4m7!3m6!1s0x46fda0ce7c393961:0xefdf0fef524e34e9!8m2!3d54.5047526!4d18.5320686!16s%2Fg%2F1td70p_g!19sChIJYTk5fM6g_UYR6TROUu8P3-8?authuser=0&hl=en&rclk=1
54.439046,18.574051,sport,GT Sport,https://www.google.com/maps/place/GT+Sport/data=!4m7!3m6!1s0x46fd0aecb552cf07:0x86cdee6fefb3fee7!8m2!3d54.439046!4d18.574051!16s%2Fg%2F1tctqc0w!19sChIJB89StewK_UYR5_6z72_uzYY?authuser=0&hl=en&rclk=1
54.4556049,18.5440692,sport,Rehabilitacja FIZJO-SPORT mgr Katarzyna Szymoniak,https://www.google.com/maps/place/Rehabilitacja+FIZJO-SPORT+mgr+Katarzyna+Szymoniak/data=!4m7!3m6!1s0x46fd0a85909505e5:0x5b3eeb87efb8a4fc!8m2!3d54.4556049!4d18.5440692!16s%2Fg%2F11cfc73rj!19sChIJ5QWVkIUK_UYR_KS474frPls?authuser=0&hl=en&rclk=1
54.4339595,18.5635584,sport,SpartanShop.pl,https://www.google.com/maps/place/SpartanShop.pl/data=!4m7!3m6!1s0x46fd0a9209bfe3bf:0x3a2d0d59b7a6e0a0!8m2!3d54.4339595!4d18.5635584!16s%2Fg%2F11c6c9z8tk!19sChIJv-O_CZIK_UYRoOCmt1kNLTo?authuser=0&hl=en&rclk=1
54.4193917,18.564781,sport,Art-Sport,https://www.google.com/maps/place/Art-Sport/data=!4m7!3m6!1s0x46fd0ac835ce2f91:0x704ddce0cbfdd998!8m2!3d54.4193917!4d18.564781!16s%2Fg%2F1whdh0w1!19sChIJkS_ONcgK_UYRmNn9y-DcTXA?authuser=0&hl=en&rclk=1
54.4350407,18.5786422,sport,S-4 s.c. PPH. Sklep sportowy,https://www.google.com/maps/place/S-4+s.c.+PPH.+Sklep+sportowy/data=!4m7!3m6!1s0x46fd0aebc44889a5:0x149e0eb8fe58b1f6!8m2!3d54.4350407!4d18.5786422!16s%2Fg%2F1hc1s15mr!19sChIJpYlIxOsK_UYR9rFY_rgOnhQ?authuser=0&hl=en&rclk=1
54.4525594,18.5637055,sport,Workout and football place,https://www.google.com/maps/place/Workout+and+football+place/data=!4m7!3m6!1s0x46fd0bd6954aa5a3:0xb628f36e5456efe9!8m2!3d54.4525594!4d18.5637055!16s%2Fg%2F11jp0yjqnk!19sChIJo6VKldYL_UYR6e9WVG7zKLY?authuser=0&hl=en&rclk=1
54.443983,18.5585098,sport,TROPIKER.PL,https://www.google.com/maps/place/TROPIKER.PL/data=!4m7!3m6!1s0x46fd0b5de8d3c355:0xa89610745f6a7d77!8m2!3d54.443983!4d18.5585098!16s%2Fg%2F11s2r_sj2g!19sChIJVcPT6F0L_UYRd31qX3QQlqg?authuser=0&hl=en&rclk=1
54.445816,18.568683,sport,HELLY HANSEN SOPOT,https://www.google.com/maps/place/HELLY+HANSEN+SOPOT/data=!4m7!3m6!1s0x46fd0a8e6feb4149:0xd7fcacea9de2290c!8m2!3d54.445816!4d18.568683!16s%2Fg%2F1thhj5y9!19sChIJSUHrb44K_UYRDCnineqs_Nc?authuser=0&hl=en&rclk=1
54.4208004,18.3800767,sport,sportpoland.com sp. z o.o.,https://www.google.com/maps/place/sportpoland.com+sp.+z+o.o./data=!4m7!3m6!1s0x46fd98b4eeb871c7:0xa1486df5d12f9ff7!8m2!3d54.4208004!4d18.3800767!16s%2Fg%2F11bbrgbjxp!19sChIJx3G47rSY_UYR958v0fVtSKE?authuser=0&hl=en&rclk=1
54.4358566,18.4180974,sport,Judo Chwaszczyno,https://www.google.com/maps/place/Judo+Chwaszczyno/data=!4m7!3m6!1s0x46fda1fae4c80bd3:0xe0f9de46e47ccccb!8m2!3d54.4358566!4d18.4180974!16s%2Fg%2F11h4kxgd0k!19sChIJ0wvI5Pqh_UYRy8x85Ebe-eA?authuser=0&hl=en&rclk=1
54.3522802,18.5249971,sport,Citysport,https://www.google.com/maps/place/Citysport/data=!4m7!3m6!1s0x46fd75b909ae8ff3:0xdce4d59eea9afe24!8m2!3d54.3522802!4d18.5249971!16s%2Fg%2F11c5zlky7g!19sChIJ84-uCbl1_UYRJP6a6p7V5Nw?authuser=0&hl=en&rclk=1
51.9537505,19.1343786,sport,Equine Sports,https://www.google.com/maps/place/Equine+Sports/data=!4m7!3m6!1s0x46fda026d33d9a0b:0xc4f520a78dc4d5db!8m2!3d51.9537505!4d19.1343786!16s%2Fg%2F11g7nx4r62!19sChIJC5o90yag_UYR29XEjacg9cQ?authuser=0&hl=en&rclk=1
54.41974,18.459983,sport,Sportzone Micha Orowski,https://www.google.com/maps/place/Sportzone+Micha%C5%82+Or%C5%82owski/data=!4m7!3m6!1s0x46fd9f83bd727975:0xab606a41f25ad0d1!8m2!3d54.41974!4d18.459983!16s%2Fg%2F11gfk00vrf!19sChIJdXlyvYOf_UYR0dBa8kFqYKs?authuser=0&hl=en&rclk=1
54.4073749,18.5880856,sport,"Exclusive Sport. Hurtownia. Puchary, trofea sportowe, stroje sportowe","https://www.google.com/maps/place/Exclusive+Sport.+Hurtownia.+Puchary,+trofea+sportowe,+stroje+sportowe/data=!4m7!3m6!1s0x46fd0b2aabee8a31:0xdcccc9fab204121a!8m2!3d54.4073749!4d18.5880856!16s%2Fg%2F1jmch9pf5!19sChIJMYruqyoL_UYRGhIEsvrJzNw?authuser=0&hl=en&rclk=1"
54.4383445,18.5577435,sport,VolleySport,https://www.google.com/maps/place/VolleySport/data=!4m7!3m6!1s0x46fd0a976cf00001:0x4043fd7131253472!8m2!3d54.4383445!4d18.5577435!16s%2Fg%2F11hwz452xc!19sChIJAQDwbJcK_UYRcjQlMXH9Q0A?authuser=0&hl=en&rclk=1
54.4339981,18.566912,sport,P贸kolonie i Obozy | Youth Sport,https://www.google.com/maps/place/P%C3%B3%C5%82kolonie+i+Obozy+%7C+Youth+Sport/data=!4m7!3m6!1s0x46fd0bb0947db7ad:0x2530379ba724633d!8m2!3d54.4339981!4d18.566912!16s%2Fg%2F11p0_glsv1!19sChIJrbd9lLAL_UYRPWMkp5s3MCU?authuser=0&hl=en&rclk=1
54.433273,18.561054,sport,Infamous Team - ciuchy trzeba zapierdala,https://www.google.com/maps/place/Infamous+Team+-+ciuchy+trzeba+zapierdala%C4%87/data=!4m7!3m6!1s0x46fd0b7d80085d89:0x96286f94c1968625!8m2!3d54.433273!4d18.561054!16s%2Fg%2F11fm42h9vr!19sChIJiV0IgH0L_UYRJYaWwZRvKJY?authuser=0&hl=en&rclk=1
54.4386913,18.5657057,sport,REHIS Sopot- rehabilitacja i sport,https://www.google.com/maps/place/REHIS+Sopot-+rehabilitacja+i+sport/data=!4m7!3m6!1s0xaffe6cba12aed10d:0x86307bc030b62cc1!8m2!3d54.4386913!4d18.5657057!16s%2Fg%2F11jzhllwxl!19sChIJDdGuErps_q8RwSy2MMB7MIY?authuser=0&hl=en&rclk=1
54.4287768,18.5903448,sport,Academy of Sport Championship,https://www.google.com/maps/place/Academy+of+Sport+Championship/data=!4m7!3m6!1s0x46fd0b8b0706c239:0x85abbec3b3c0b857!8m2!3d54.4287768!4d18.5903448!16s%2Fg%2F11tjnzt9wz!19sChIJOcIGB4sL_UYRV7jAs8O-q4U?authuser=0&hl=en&rclk=1
54.430652,18.562491,sport,Profi Moto Sport. Naprawa motocykli i skuter贸w.,https://www.google.com/maps/place/Profi+Moto+Sport.+Naprawa+motocykli+i+skuter%C3%B3w./data=!4m7!3m6!1s0x46fd0abef75318b3:0x9e4aac2d8e75ac9f!8m2!3d54.430652!4d18.562491!16s%2Fg%2F1vrq8bbq!19sChIJsxhT974K_UYRn6x1ji2sSp4?authuser=0&hl=en&rclk=1
54.4318677,18.5868083,sport,SURFOTEKA SURF&SKI,https://www.google.com/maps/place/SURFOTEKA+SURF%26SKI/data=!4m7!3m6!1s0x46fd0ae86ce02aad:0x954ef95e084c16ce!8m2!3d54.4318677!4d18.5868083!16s%2Fg%2F1tjf8z7h!19sChIJrSrgbOgK_UYRzhZMCF75TpU?authuser=0&hl=en&rclk=1
54.414926,18.5983477,sport,Sport Halls,https://www.google.com/maps/place/Sport+Halls/data=!4m7!3m6!1s0x46fd0b28ee155555:0x19cc0db345829bd!8m2!3d54.414926!4d18.5983477!16s%2Fg%2F11h53wsyty!19sChIJVVUV7igL_UYRvSlYNNvAnAE?authuser=0&hl=en&rclk=1
54.4327315,18.5853498,sport,ORODEK TERAPII EDUKACJI I AKTYWIZACJI SPORTOWEJ DLA DZIECI w Uzdrowisku Sopot,https://www.google.com/maps/place/O%C5%9ARODEK+TERAPII+EDUKACJI+I+AKTYWIZACJI+SPORTOWEJ+DLA+DZIECI+w+Uzdrowisku+Sopot/data=!4m7!3m6!1s0x46fd0ae8ff5290e5:0xf130e5570a60f1f8!8m2!3d54.4327315!4d18.5853498!16s%2Fg%2F11b7xrwrbz!19sChIJ5ZBS_-gK_UYR-PFgClflMPE?authuser=0&hl=en&rclk=1
54.4148178,18.5979728,sport,Przymorze Sports Park. tennis club,https://www.google.com/maps/place/Przymorze+Sports+Park.+tennis+club/data=!4m7!3m6!1s0x46fd0b28c29f0219:0x462d8dcb39dc8015!8m2!3d54.4148178!4d18.5979728!16s%2Fg%2F1hc9q7nfq!19sChIJGQKfwigL_UYRFYDcOcuNLUY?authuser=0&hl=en&rclk=1
54.417723,18.449633,sport,AkbiSport - BMC LAB Gdask,https://www.google.com/maps/place/AkbiSport+-+BMC+LAB+Gda%C5%84sk/data=!4m7!3m6!1s0x46fd9f43a3cadb6b:0x64e390c5256abd8e!8m2!3d54.417723!4d18.449633!16s%2Fg%2F11h7r_8jcg!19sChIJa9vKo0Of_UYRjr1qJcWQ42Q?authuser=0&hl=en&rclk=1
54.3827882,18.6059568,sport,Sportsdirect,https://www.google.com/maps/place/Sportsdirect/data=!4m7!3m6!1s0x46fd74c00c618d33:0xf242a964081f74f8!8m2!3d54.3827882!4d18.6059568!16s%2Fg%2F11ddwh_3dt!19sChIJM41hDMB0_UYR-HQfCGSpQvI?authuser=0&hl=en&rclk=1
51.9537505,19.1343786,sport,everest-sport.pl,https://www.google.com/maps/place/everest-sport.pl/data=!4m7!3m6!1s0x46fd74d859cad605:0xcef9a204035ca054!8m2!3d51.9537505!4d19.1343786!16s%2Fg%2F11hcysxfh1!19sChIJBdbKWdh0_UYRVKBcAwSi-c4?authuser=0&hl=en&rclk=1
54.4354021,18.5504056,sport,Dystrybutor Kettler w Polsce - sportpoland.com,https://www.google.com/maps/place/Dystrybutor+Kettler+w+Polsce+-+sportpoland.com/data=!4m7!3m6!1s0x46fd98b4e5eb7625:0xb6d0ced4a70af64f!8m2!3d54.4354021!4d18.5504056!16s%2Fg%2F11m2f2h20f!19sChIJJXbr5bSY_UYRT_YKp9TO0LY?authuser=0&hl=en&rclk=1
54.4181112,18.5614793,sport,SPORTEVO,https://www.google.com/maps/place/SPORTEVO/data=!4m7!3m6!1s0x46fd0bd1a3a5f35d:0x4bbcf996dcd40f2c!8m2!3d54.4181112!4d18.5614793!16s%2Fg%2F11h0rxj2yn!19sChIJXfOlo9EL_UYRLA_U3Jb5vEs?authuser=0&hl=en&rclk=1
54.4183609,18.5607063,sport,nartygdansk.pl,https://www.google.com/maps/place/nartygdansk.pl/data=!4m7!3m6!1s0x46fd0ac835ce2f91:0x6ef6191e630f3f6d!8m2!3d54.4183609!4d18.5607063!16s%2Fg%2F11h0kpg55!19sChIJkS_ONcgK_UYRbT8PYx4Z9m4?authuser=0&hl=en&rclk=1
54.427381,18.56212,sport,Bicycles Sopot R-S Grzegorz Sadowski. Bicycle Shop Service.,https://www.google.com/maps/place/Bicycles+Sopot+R-S+Grzegorz+Sadowski.+Bicycle+Shop+Service./data=!4m7!3m6!1s0x46fd0ab8da5a3fc7:0xf5bd56512027b2b9!8m2!3d54.427381!4d18.56212!16s%2Fg%2F11b7vy3dtb!19sChIJxz9a2rgK_UYRubInIFFWvfU?authuser=0&hl=en&rclk=1
54.4188658,18.5603768,sport,Akademia Leszka Blanika AZS AWFiS,https://www.google.com/maps/place/Akademia+Leszka+Blanika+AZS+AWFiS/data=!4m7!3m6!1s0x46fd0bba4497b9d7:0x4238ee43c4dbac6d!8m2!3d54.4188658!4d18.5603768!16s%2Fg%2F11h5drrw_9!19sChIJ17mXRLoL_UYRbazbxEPuOEI?authuser=0&hl=en&rclk=1
54.4236967,18.5865723,sport,SmileDreamBeHappy,https://www.google.com/maps/place/SmileDreamBeHappy/data=!4m7!3m6!1s0x46fd0adb83513b75:0xb8487d7c1dcb2b1b!8m2!3d54.4236967!4d18.5865723!16s%2Fg%2F1tjdkfnw!19sChIJdTtRg9sK_UYRGyvLHXx9SLg?authuser=0&hl=en&rclk=1
54.403086,18.581388,sport,Posport,https://www.google.com/maps/place/Posport/data=!4m7!3m6!1s0x46fd7595986287fd:0x6c0dbb9ea614e10!8m2!3d54.403086!4d18.581388!16s%2Fg%2F11ptwdcbm7!19sChIJ_YdimJV1_UYREE5h6rnbwAY?authuser=0&hl=en&rclk=1
54.3727317,18.5180526,sport,Sklep Martes Sport - Park Handlowy Matarnia,https://www.google.com/maps/place/Sklep+Martes+Sport+-+Park+Handlowy+Matarnia/data=!4m7!3m6!1s0x46fd759e07449aef:0x97e79353ac75a9a!8m2!3d54.3727317!4d18.5180526!16s%2Fg%2F11bw5m9557!19sChIJ75pEB551_UYRmlrHOjV5fgk?authuser=0&hl=en&rclk=1
54.3820911,18.6004114,sport,INTERSPORT,https://www.google.com/maps/place/INTERSPORT/data=!4m7!3m6!1s0x46fd74c1d8f1b1eb:0x7ae1125e6cadc4e1!8m2!3d54.3820911!4d18.6004114!16s%2Fg%2F1td11z4v!19sChIJ67Hx2MF0_UYR4cStbF4S4Xo?authuser=0&hl=en&rclk=1
54.3876726,18.5717547,sport,MT Sport. Makowski T.,https://www.google.com/maps/place/MT+Sport.+Ma%C5%84kowski+T./data=!4m7!3m6!1s0x46fd75201a6d0509:0x8f5c20b404ae50a3!8m2!3d54.3876726!4d18.5717547!16s%2Fg%2F1hc8tdt4s!19sChIJCQVtGiB1_UYRo1CuBLQgXI8?authuser=0&hl=en&rclk=1
54.4069141,18.5741719,sport,u Igora - serwis rowerowy,https://www.google.com/maps/place/u+Igora+-+serwis+rowerowy/data=!4m7!3m6!1s0x46fd0aec6b941cff:0x4f1227cb198d8a06!8m2!3d54.4069141!4d18.5741719!16s%2Fg%2F11cnd4q237!19sChIJ_xyUa-wK_UYRBoqNGcsnEk8?authuser=0&hl=en&rclk=1
54.3988492,18.576658,sport,Sport Stacja,https://www.google.com/maps/place/Sport+Stacja/data=!4m7!3m6!1s0x46fd75288a8c8f8b:0x961497f5e68b236a!8m2!3d54.3988492!4d18.576658!16s%2Fg%2F11qg2ch7mn!19sChIJi4-Miih1_UYRaiOL5vWXFJY?authuser=0&hl=en&rclk=1
54.4105213,18.59383,sport,Decathlon Gdask Przymorze,https://www.google.com/maps/place/Decathlon+Gda%C5%84sk+Przymorze/data=!4m7!3m6!1s0x46fd0b2a577ef4cf:0xe5187dc66b4ffbb1!8m2!3d54.4105213!4d18.59383!16s%2Fg%2F1tj9s0pj!19sChIJz_R-VyoL_UYRsftPa8Z9GOU?authuser=0&hl=en&rclk=1
54.413121,18.600527,sport,BirdBoards.eu,https://www.google.com/maps/place/BirdBoards.eu/data=!4m7!3m6!1s0x46fd0bf4788d22e9:0xd9d7edc8bc97cfea!8m2!3d54.413121!4d18.600527!16s%2Fg%2F11nxp61r2q!19sChIJ6SKNePQL_UYR6s-XvMjt19k?authuser=0&hl=en&rclk=1
54.4098397,18.5918552,sport,Sklep Lechia Lwy P贸nocy Galeria Przymorze,https://www.google.com/maps/place/Sklep+Lechia+Lwy+P%C3%B3%C5%82nocy+Galeria+Przymorze/data=!4m7!3m6!1s0x46fd0b2a5b825689:0x6d9118c9a94b6a5d!8m2!3d54.4098397!4d18.5918552!16s%2Fg%2F11h9zf5ncn!19sChIJiVaCWyoL_UYRXWpLqckYkW0?authuser=0&hl=en&rclk=1
54.4005442,18.6033852,sport,FHU Gasport tenis stoowy pingpong,https://www.google.com/maps/place/FHU+Gasport+tenis+sto%C5%82owy+pingpong/data=!4m7!3m6!1s0x46fd74cdb8c7f4ef:0x4cc05538ea2869ac!8m2!3d54.4005442!4d18.6033852!16s%2Fg%2F1td7l_n1!19sChIJ7_THuM10_UYRrGko6jhVwEw?authuser=0&hl=en&rclk=1
54.4135368,18.6255473,sport,MORSjANKI & MORSjANIE,https://www.google.com/maps/place/MORSjANKI+%26+MORSjANIE/data=!4m7!3m6!1s0x46fd0b822c42f523:0x904275531949188e!8m2!3d54.4135368!4d18.6255473!16s%2Fg%2F11pd33l52m!19sChIJI_VCLIIL_UYRjhhJGVN1QpA?authuser=0&hl=en&rclk=1
54.3839694,18.6308169,sport,Classik-Sport,https://www.google.com/maps/place/Classik-Sport/data=!4m7!3m6!1s0x46fd74a46b16b9ef:0x9439c082c5775cf1!8m2!3d54.3839694!4d18.6308169!16s%2Fg%2F1w6642sg!19sChIJ77kWa6R0_UYR8Vx3xYLAOZQ?authuser=0&hl=en&rclk=1
54.3693626,18.6314875,sport,Academic Sport Center Gdansk University of Technology,https://www.google.com/maps/place/Academic+Sport+Center+Gdansk+University+of+Technology/data=!4m7!3m6!1s0x46fd749d87c72ddb:0xb66cd390fb981fcd!8m2!3d54.3693626!4d18.6314875!16s%2Fg%2F11f65944js!19sChIJ2y3Hh510_UYRzR-Y-5DTbLY?authuser=0&hl=en&rclk=1
54.3836364,18.6421451,sport,Maritime Workers Sports Club,https://www.google.com/maps/place/Maritime+Workers+Sports+Club/data=!4m7!3m6!1s0x46fd0b4a1ffe9dc7:0x95af023d3608112f!8m2!3d54.3836364!4d18.6421451!16s%2Fg%2F12cnxjhxz!19sChIJx53-H0oL_UYRLxEINj0Cr5U?authuser=0&hl=en&rclk=1
54.3816749,18.6418536,sport,Hedonia Sport,https://www.google.com/maps/place/Hedonia+Sport/data=!4m7!3m6!1s0x46fd7358b390d0b1:0xa371d8174f3e6e85!8m2!3d54.3816749!4d18.6418536!16s%2Fg%2F1pp2x88v4!19sChIJsdCQs1hz_UYRhW4-TxfYcaM?authuser=0&hl=en&rclk=1
54.364395,18.636374,sport,BALTICON-SPORT - Hurtownia sportowa - Gdask,https://www.google.com/maps/place/BALTICON-SPORT+-+Hurtownia+sportowa+-+Gda%C5%84sk/data=!4m7!3m6!1s0x46fd737ca43e22b5:0xded94e5be8acec3a!8m2!3d54.364395!4d18.636374!16s%2Fg%2F1tlc6rvq!19sChIJtSI-pHxz_UYROuys6FtO2d4?authuser=0&hl=en&rclk=1
54.390095,18.639225,sport,T29 Sports Pub,https://www.google.com/maps/place/T29+Sports+Pub/data=!4m7!3m6!1s0x46fd74a8dea19313:0x5082204ec5447a6f!8m2!3d54.390095!4d18.639225!16s%2Fg%2F1q62md029!19sChIJE5Oh3qh0_UYRb3pExU4gglA?authuser=0&hl=en&rclk=1
54.3730233,18.5200815,sport,Sportsdirect,https://www.google.com/maps/place/Sportsdirect/data=!4m7!3m6!1s0x46fd7575f3dbe437:0xd8be3cf16de66d73!8m2!3d54.3730233!4d18.5200815!16s%2Fg%2F11cp7g_bgs!19sChIJN-Tb83V1_UYRc23mbfE8vtg?authuser=0&hl=en&rclk=1
54.4015022,18.4965717,sport,Polana Taneczna (Tanzplatz),https://www.google.com/maps/place/Polana+Taneczna+(Tanzplatz)/data=!4m7!3m6!1s0x46fd9f2a6be27683:0x826499a276f2b72f!8m2!3d54.4015022!4d18.4965717!16s%2Fg%2F11jjkbxf_4!19sChIJg3biayqf_UYRL7fydqKZZII?authuser=0&hl=en&rclk=1
54.3523058,18.5249745,sport,Martes Sport,https://www.google.com/maps/place/Martes+Sport/data=!4m7!3m6!1s0x46fd75b9035c197d:0x9b70a5e2dd303d5f!8m2!3d54.3523058!4d18.5249745!16s%2Fg%2F11g6bngkhw!19sChIJfRlcA7l1_UYRXz0w3eKlcJs?authuser=0&hl=en&rclk=1
54.35159,18.5253557,sport,Espina Sport. Sklep sportowy,https://www.google.com/maps/place/Espina+Sport.+Sklep+sportowy/data=!4m7!3m6!1s0x46fd75b8ff4e53c7:0xb2e8916b94c1ab79!8m2!3d54.35159!4d18.5253557!16s%2Fg%2F1hc1y2mmj!19sChIJx1NO_7h1_UYReavBlGuR6LI?authuser=0&hl=en&rclk=1
54.401372,18.5724843,sport,Wysepka - Salon Rowerowy - Hala Olivia,https://www.google.com/maps/place/Wysepka+-+Salon+Rowerowy+-+Hala+Olivia/data=!4m7!3m6!1s0x46fd74ea61d9236b:0x38ba201aa093adb8!8m2!3d54.401372!4d18.5724843!16s%2Fg%2F11cmyx9gch!19sChIJayPZYep0_UYRuK2ToBogujg?authuser=0&hl=en&rclk=1
54.3936287,18.6091597,sport,Murawa Zaspa Rozstaje,https://www.google.com/maps/place/Murawa+Zaspa+Rozstaje/data=!4m7!3m6!1s0x46fd74c86002bc17:0x4ebd50d536718e50!8m2!3d54.3936287!4d18.6091597!16s%2Fg%2F11c3_8k76n!19sChIJF7wCYMh0_UYRUI5xNtVQvU4?authuser=0&hl=en&rclk=1
54.404354,18.585379,sport,Big Sport Sc. Rowery Author Trek,https://www.google.com/maps/place/Big+Sport+Sc.+Rowery+Author+Trek/data=!4m7!3m6!1s0x46fd756c3dbae11b:0x9405c064f2bc3e08!8m2!3d54.404354!4d18.585379!16s%2Fg%2F11lbnkmlfn!19sChIJG-G6PWx1_UYRCD688mTABZQ?authuser=0&hl=en&rclk=1
54.3959925,18.6229755,sport,Gdansk Sports Club Gedania 1922,https://www.google.com/maps/place/Gdansk+Sports+Club+Gedania+1922/data=!4m7!3m6!1s0x46fd74b403d116e3:0x29da533e9a729551!8m2!3d54.3959925!4d18.6229755!16s%2Fg%2F1216xg0g!19sChIJ4xbRA7R0_UYRUZVymj5T2ik?authuser=0&hl=en&rclk=1
54.3892709,18.6421461,sport,Bladeville - Gdask,https://www.google.com/maps/place/Bladeville+-+Gda%C5%84sk/data=!4m7!3m6!1s0x46fd74bc69f01d63:0x8b627e5c9436217b!8m2!3d54.3892709!4d18.6421461!16s%2Fg%2F11g6z4q5b0!19sChIJYx3wabx0_UYReyE2lFx-Yos?authuser=0&hl=en&rclk=1
54.402127,18.662468,sport,UKS Akademia Siatk贸wki Trefl Gdask,https://www.google.com/maps/place/UKS+Akademia+Siatk%C3%B3wki+Trefl+Gda%C5%84sk/data=!4m7!3m6!1s0x46fd0d7306c38ffb:0x18b63df1055f2e11!8m2!3d54.402127!4d18.662468!16s%2Fg%2F11s7n__005!19sChIJ-4_DBnMN_UYRES5fBfE9thg?authuser=0&hl=en&rclk=1
54.333326,18.624759,sport,Power Sport,https://www.google.com/maps/place/Power+Sport/data=!4m7!3m6!1s0x46fd7392ad4cfc21:0xdf8bc313b85d18f7!8m2!3d54.333326!4d18.624759!16s%2Fg%2F1hc2c3vq_!19sChIJIfxMrZJz_UYR9xhduBPDi98?authuser=0&hl=en&rclk=1
54.345625,18.58581,sport,Kam-sport,https://www.google.com/maps/place/Kam-sport/data=!4m7!3m6!1s0x46fd74695d9acbbb:0x96bf273eaebfb9c9!8m2!3d54.345625!4d18.58581!16s%2Fg%2F11fmmdxgcs!19sChIJu8uaXWl0_UYRybm_rj4nv5Y?authuser=0&hl=en&rclk=1
54.3687203,18.6246217,sport,MOSiR w Gdasku,https://www.google.com/maps/place/MOSiR+w+Gda%C5%84sku/data=!4m7!3m6!1s0x46fd739a9426f68b:0x78a4f6e27197547d!8m2!3d54.3687203!4d18.6246217!16s%2Fm%2F0hgq78n!19sChIJi_YmlJpz_UYRfVSXceL2pHg?authuser=0&hl=en&rclk=1
54.3205746,18.5522389,sport,Adventure Sports,https://www.google.com/maps/place/Adventure+Sports/data=!4m7!3m6!1s0x46fd769e7c04deeb:0x6cc28c8ac46e07bd!8m2!3d54.3205746!4d18.5522389!16s%2Fg%2F11cjj1b9cj!19sChIJ694EfJ52_UYRvQduxIqMwmw?authuser=0&hl=en&rclk=1
54.3757582,18.5677182,sport,"""Happy Sport"" Krzysztof Wesoowski",https://www.google.com/maps/place/%22Happy+Sport%22+Krzysztof+Weso%C5%82owski/data=!4m7!3m6!1s0x46fd74fd30dd00ef:0xd5728ac6ba1f1c98!8m2!3d54.3757582!4d18.5677182!16s%2Fg%2F11h6g11x2b!19sChIJ7wDdMP10_UYRmBwfusaKctU?authuser=0&hl=en&rclk=1
54.3895912,18.589858,sport,Sklep sportowy w Gdasku | SportSalon.pl,https://www.google.com/maps/place/Sklep+sportowy+w+Gda%C5%84sku+%7C+SportSalon.pl/data=!4m7!3m6!1s0x46fd75489c888a83:0x6cee2f9bcda644d!8m2!3d54.3895912!4d18.589858!16s%2Fg%2F11fn9dmvq5!19sChIJg4qInEh1_UYRTWTavPnizgY?authuser=0&hl=en&rclk=1
54.390484,18.608991,sport,Rugby Gilbert Polska | sprzt sportowy | Sklep akcesoria i gad偶ety Rugby,https://www.google.com/maps/place/Rugby+Gilbert+Polska+%7C+sprz%C4%99t+sportowy+%7C+Sklep+akcesoria+i+gad%C5%BCety+Rugby/data=!4m7!3m6!1s0x46fd74c79617371b:0xeafa287d0eacd2b5!8m2!3d54.390484!4d18.608991!16s%2Fg%2F11c5xd5jvr!19sChIJGzcXlsd0_UYRtdKsDn0o-uo?authuser=0&hl=en&rclk=1
54.3825192,18.6022969,sport,4F,https://www.google.com/maps/place/4F/data=!4m7!3m6!1s0x46fd74c1d90c4f3b:0x86be5c5a34cb7a1!8m2!3d54.3825192!4d18.6022969!16s%2Fg%2F11cn9k8bkm!19sChIJO08M2cF0_UYRobdMo8Xlawg?authuser=0&hl=en&rclk=1
54.3829197,18.6052765,sport,Skate Care Skateshop,https://www.google.com/maps/place/Skate+Care+Skateshop/data=!4m7!3m6!1s0x46fd7520faeee8fb:0x30bd5494ba20234d!8m2!3d54.3829197!4d18.6052765!16s%2Fg%2F11qm0ft7cr!19sChIJ--ju-iB1_UYRTSMgupRUvTA?authuser=0&hl=en&rclk=1
54.3828024,18.6004565,sport,Jack Wolfskin,https://www.google.com/maps/place/Jack+Wolfskin/data=!4m7!3m6!1s0x46fd74ea79e3fd01:0xf106f6cad1d5f95d!8m2!3d54.3828024!4d18.6004565!16s%2Fg%2F1tkml73y!19sChIJAf3jeep0_UYRXfnV0cr2BvE?authuser=0&hl=en&rclk=1
54.3825656,18.600877,sport,The North Face,https://www.google.com/maps/place/The+North+Face/data=!4m7!3m6!1s0x46fd74c1d90c4f3b:0x18575ed97eaea84e!8m2!3d54.3825656!4d18.600877!16s%2Fg%2F11csbdfrtl!19sChIJO08M2cF0_UYRTqiuftleVxg?authuser=0&hl=en&rclk=1
54.3879744,18.638985,sport,Padbox Centrum Sportowe,https://www.google.com/maps/place/Padbox+Centrum+Sportowe/data=!4m7!3m6!1s0x46fd7512239a5e01:0x96ec79d8fe39ab4c!8m2!3d54.3879744!4d18.638985!16s%2Fg%2F11rq2lw8b8!19sChIJAV6aIxJ1_UYRTKs5_th57JY?authuser=0&hl=en&rclk=1
54.382832,18.6403541,sport,Sport & Health ukasz Szprengel,https://www.google.com/maps/place/Sport+%26+Health+%C5%81ukasz+Szprengel/data=!4m7!3m6!1s0x46fd75992e50080f:0xaccf9de5cad91bbe!8m2!3d54.382832!4d18.6403541!16s%2Fg%2F11q9mbn4c2!19sChIJDwhQLpl1_UYRvhvZyuWdz6w?authuser=0&hl=en&rclk=1
54.3910853,18.6378925,sport,Sports Hospitality Sp. z o.o.,https://www.google.com/maps/place/Sports+Hospitality+Sp.+z+o.o./data=!4m7!3m6!1s0x46fd74aed37335ed:0x5a67324f6aac4732!8m2!3d54.3910853!4d18.6378925!16s%2Fg%2F11h7zf6048!19sChIJ7TVz0650_UYRMkesak8yZ1o?authuser=0&hl=en&rclk=1
54.379174,18.6249289,sport,"m-sport Szkoa Pywania, Aqua AerobikDesign","https://www.google.com/maps/place/m-sport+Szko%C5%82a+P%C5%82ywania,+Aqua+AerobikDesign/data=!4m7!3m6!1s0x46fd74a287ca45c3:0x7c8ab3a20483a396!8m2!3d54.379174!4d18.6249289!16s%2Fg%2F11j53qz350!19sChIJw0XKh6J0_UYRlqODBKKzinw?authuser=0&hl=en&rclk=1"
54.3732138,18.6152571,sport,QBASPORT Proserwis&Shop,https://www.google.com/maps/place/QBASPORT+Proserwis%26Shop/data=!4m7!3m6!1s0x46fd0b627b9f8ac7:0x8091d9084e6fe7ac!8m2!3d54.3732138!4d18.6152571!16s%2Fg%2F11c531zq65!19sChIJx4qfe2IL_UYRrOdvTgjZkYA?authuser=0&hl=en&rclk=1
54.3520252,18.6466384,sport,University of Physical Education and Sport-AWFIS,https://www.google.com/maps/place/University+of+Physical+Education+and+Sport-AWFIS/data=!4m7!3m6!1s0x46fd739e040de7b1:0x2ec1ef2ea096d01c!8m2!3d54.3520252!4d18.6466384!16s%2Fg%2F11b6hq43m2!19sChIJsecNBJ5z_UYRHNCWoC7vwS4?authuser=0&hl=en&rclk=1
54.2914256,18.5313013,sport,Galeria Sportowa,https://www.google.com/maps/place/Galeria+Sportowa/data=!4m7!3m6!1s0x46fd735732bba65b:0x55d326119869fa5b!8m2!3d54.2914256!4d18.5313013!16s%2Fg%2F11bv19c2h9!19sChIJW6a7Mldz_UYRW_ppmBEm01U?authuser=0&hl=en&rclk=1
54.340597,18.6198469,sport,GABI Dance Center,https://www.google.com/maps/place/GABI+Dance+Center/data=!4m7!3m6!1s0x46fd747596f01249:0x3251fa4fb369d253!8m2!3d54.340597!4d18.6198469!16s%2Fg%2F1th0ll95!19sChIJSRLwlnV0_UYRU9Jps0_6UTI?authuser=0&hl=en&rclk=1
53.7831818,20.5753435,sport,Motorboat and sailing shop AQUA-SPORT,https://www.google.com/maps/place/Motorboat+and+sailing+shop+AQUA-SPORT/data=!4m7!3m6!1s0x46e2799bee046f69:0x93f8b60875d713fa!8m2!3d53.7831818!4d20.5753435!16s%2Fg%2F11cmdg2q_9!19sChIJaW8E7pt54kYR-hPXdQi2-JM?authuser=0&hl=en&rclk=1
54.347139,18.4377643,sport,Klub Sporting Le藕no,https://www.google.com/maps/place/Klub+Sporting+Le%C5%BAno/data=!4m7!3m6!1s0x46fd9f61660d5a49:0xa471e9ee8f152ccb!8m2!3d54.347139!4d18.4377643!16s%2Fg%2F11fv38vkyd!19sChIJSVoNZmGf_UYRyywVj-7pcaQ?authuser=0&hl=en&rclk=1
54.360994,18.5869779,sport,Sports-School Kolesar,https://www.google.com/maps/place/Sports-School+Kolesar/data=!4m7!3m6!1s0x46fd704b6ab289ef:0xd99b065603192e5!8m2!3d54.360994!4d18.5869779!16s%2Fg%2F11h1v9vyds!19sChIJ74myaktw_UYR5ZIxYGWwmQ0?authuser=0&hl=en&rclk=1
54.3773803,18.6072282,sport,Sklep pikarski R-GOL.com Gdask,https://www.google.com/maps/place/Sklep+pi%C5%82karski+R-GOL.com+Gda%C5%84sk/data=!4m7!3m6!1s0x46fd749446d19051:0x62c4ae0857e24071!8m2!3d54.3773803!4d18.6072282!16s%2Fg%2F1hm3ptxm9!19sChIJUZDRRpR0_UYRcUDiVwiuxGI?authuser=0&hl=en&rclk=1
54.3711999,18.6019164,sport,"Dawny tor saneczkowy, wczeniej Schodkowa Droga (Stufenweg, z planu Kafemanna)","https://www.google.com/maps/place/Dawny+tor+saneczkowy,+wcze%C5%9Bniej+Schodkowa+Droga+(Stufenweg,+z+planu+Kafemanna)/data=!4m7!3m6!1s0x46fd75039a838933:0xd52b658d6c6253de!8m2!3d54.3711999!4d18.6019164!16s%2Fg%2F11jn3fftd6!19sChIJM4mDmgN1_UYR3lNibI1lK9U?authuser=0&hl=en&rclk=1"
54.3767577,18.614744,sport,Sports Pub,https://www.google.com/maps/place/Sports+Pub/data=!4m7!3m6!1s0x46fd7496fe1de4f1:0xe72adcfef2ae1f30!8m2!3d54.3767577!4d18.614744!16s%2Fg%2F11g68x9htf!19sChIJ8eQd_pZ0_UYRMB-u8v7cKuc?authuser=0&hl=en&rclk=1
54.3687645,18.6275619,sport,Stowarzyszenie Aktywni w Tr贸jmiecie,https://www.google.com/maps/place/Stowarzyszenie+Aktywni+w+Tr%C3%B3jmie%C5%9Bcie/data=!4m7!3m6!1s0x46fd754404d987bf:0x7f3a96f4b4f4902e!8m2!3d54.3687645!4d18.6275619!16s%2Fg%2F11fkqkt1qz!19sChIJv4fZBER1_UYRLpD0tPSWOn8?authuser=0&hl=en&rclk=1
54.3538039,18.6509391,sport,Duo Sport s.c.,https://www.google.com/maps/place/Duo+Sport+s.c./data=!4m7!3m6!1s0x46fd7375a50c1977:0xa50461af710c8535!8m2!3d54.3538039!4d18.6509391!16s%2Fg%2F1vg4hh7t!19sChIJdxkMpXVz_UYRNYUMca9hBKU?authuser=0&hl=en&rclk=1
54.339838,18.620902,sport,PRO Sport Wojciech Rzsa Gdaska Akademia Pywania - nauka pywania dla dzieci i dorosych,https://www.google.com/maps/place/PRO+Sport+Wojciech+Rz%C4%85sa+Gda%C5%84ska+Akademia+P%C5%82ywania+-+nauka+p%C5%82ywania+dla+dzieci+i+doros%C5%82ych/data=!4m7!3m6!1s0x46fd744289ab21b1:0x4c0f33df5c8fee65!8m2!3d54.339838!4d18.620902!16s%2Fg%2F11c2pjll0w!19sChIJsSGriUJ0_UYRZe6PXN8zD0w?authuser=0&hl=en&rclk=1
54.3493773,18.6433597,sport,adidas Store Gdansk,https://www.google.com/maps/place/adidas+Store+Gdansk/data=!4m7!3m6!1s0x46fd732c78f711e3:0x767159030297dd8e!8m2!3d54.3493773!4d18.6433597!16s%2Fg%2F11gtckt534!19sChIJ4xH3eCxz_UYRjt2XAgNZcXY?authuser=0&hl=en&rclk=1
54.355118,18.3797878,sport,ePontony.pl - sklep,https://www.google.com/maps/place/ePontony.pl+-+sklep/data=!4m7!3m6!1s0x46fd9c201bcb34b1:0xa6f6e676de5b7c15!8m2!3d54.355118!4d18.3797878!16s%2Fg%2F1tg38szb!19sChIJsTTLGyCc_UYRFXxb3nbm9qY?authuser=0&hl=en&rclk=1
54.3498485,18.5283215,sport,Decathlon Gdask Kartuska,https://www.google.com/maps/place/Decathlon+Gda%C5%84sk+Kartuska/data=!4m7!3m6!1s0x46fd75b99d12b3db:0xf4117c0b3dd47ddd!8m2!3d54.3498485!4d18.5283215!16s%2Fg%2F1tjgz1hr!19sChIJ27MSnbl1_UYR3X3UPQt8EfQ?authuser=0&hl=en&rclk=1
54.351528,18.5855125,sport,Winner Sports,https://www.google.com/maps/place/Winner+Sports/data=!4m7!3m6!1s0x46fd750e77f1516b:0xf6e577874c23f0ad!8m2!3d54.351528!4d18.5855125!16s%2Fg%2F11r0f32hq8!19sChIJa1Hxdw51_UYRrfAjTId35fY?authuser=0&hl=en&rclk=1
54.3603091,18.5794362,sport,Sport Creative,https://www.google.com/maps/place/Sport+Creative/data=!4m7!3m6!1s0x46fd75a17cfef8b7:0xc22b5a1bc2203ebc!8m2!3d54.3603091!4d18.5794362!16s%2Fg%2F11fn2vy_jf!19sChIJt_j-fKF1_UYRvD4gwhtaK8I?authuser=0&hl=en&rclk=1
54.3487037,18.6065769,sport,Cycle Sports Center Buga,https://www.google.com/maps/place/Cycle+Sports+Center+Buga/data=!4m7!3m6!1s0x46fd747a17dcd0a3:0x1bbbdad8d3d56a66!8m2!3d54.3487037!4d18.6065769!16s%2Fg%2F1th1src5!19sChIJo9DcF3p0_UYRZmrV09jauxs?authuser=0&hl=en&rclk=1
54.3603093,18.6250467,sport,Centrum Sportowe GUMed,https://www.google.com/maps/place/Centrum+Sportowe+GUMed/data=!4m7!3m6!1s0x46fd7481e1c0ee69:0x54907d1d08593603!8m2!3d54.3603093!4d18.6250467!16s%2Fg%2F11f5dmq81w!19sChIJae7A4YF0_UYRAzZZCB19kFQ?authuser=0&hl=en&rclk=1
54.3642067,18.7275768,sport,Pusty Staw,https://www.google.com/maps/place/Pusty+Staw/data=!4m7!3m6!1s0x46fd72c190986f67:0xd3f9eaa682163e5c!8m2!3d54.3642067!4d18.7275768!16s%2Fg%2F11fy4yw4l0!19sChIJZ2-YkMFy_UYRXD4Wgqbq-dM?authuser=0&hl=en&rclk=1
54.3575068,18.7802123,sport,Szkolenia motorowodne Ocean Team Sailing School,https://www.google.com/maps/place/Szkolenia+motorowodne+Ocean+Team+Sailing+School/data=!4m7!3m6!1s0x471427e8bc03cbab:0xf0f9fd9a0192289!8m2!3d54.3575068!4d18.7802123!16s%2Fg%2F11h48wyqjw!19sChIJq8sDvOgnFEcRiSIZoNmfDw8?authuser=0&hl=en&rclk=1
52.2642953,20.970478,sport,Studio Sport,https://www.google.com/maps/place/Studio+Sport/data=!4m7!3m6!1s0x471ecbb7b986992d:0x5af463db986c4763!8m2!3d52.2642953!4d20.970478!16s%2Fg%2F1td6q_4r!19sChIJLZmGubfLHkcRY0dsmNtj9Fo?authuser=0&hl=en&rclk=1
52.2570098,20.9838966,sport,Intersport,https://www.google.com/maps/place/Intersport/data=!4m7!3m6!1s0x471ecb8ec592fc15:0x135673fc6147d9dd!8m2!3d52.2570098!4d20.9838966!16s%2Fg%2F1vvr4zz9!19sChIJFfySxY7LHkcR3dlHYfxzVhM?authuser=0&hl=en&rclk=1
52.2463829,20.9793643,sport,Adventure Sports,https://www.google.com/maps/place/Adventure+Sports/data=!4m7!3m6!1s0x471ecb8169bc911d:0xe038cd69c9786e9b!8m2!3d52.2463829!4d20.9793643!16s%2Fg%2F1ptxs1j2q!19sChIJHZG8aYHLHkcRm254yWnNOOA?authuser=0&hl=en&rclk=1
52.2420481,20.9305433,sport,Martes Sport,https://www.google.com/maps/place/Martes+Sport/data=!4m7!3m6!1s0x471ecbb36d0a121d:0x9ae114620fd3413f!8m2!3d52.2420481!4d20.9305433!16s%2Fg%2F11gmfy6zgk!19sChIJHRIKbbPLHkcRP0HTD2IU4Zo?authuser=0&hl=en&rclk=1
52.2573732,20.9845828,sport,Maks Sport,https://www.google.com/maps/place/Maks+Sport/data=!4m7!3m6!1s0x471ecb8ec592fb9b:0xa57d2c9d477e7af2!8m2!3d52.2573732!4d20.9845828!16s%2Fg%2F1v9ghrdn!19sChIJm_uSxY7LHkcR8np-R50sfaU?authuser=0&hl=en&rclk=1
54.2910718,18.5318484,sport,Victoria-Sport Sp. o.o.,https://www.google.com/maps/place/Victoria-Sport+Sp.+o.o./data=!4m7!3m6!1s0x46fd735727bbaf95:0xc5d2ce74aaad0537!8m2!3d54.2910718!4d18.5318484!16s%2Fg%2F1tjz6n5r!19sChIJla-7J1dz_UYRNwWtqnTO0sU?authuser=0&hl=en&rclk=1
54.3497606,18.5276082,sport,Ustaw si na bieganie w Gdasku,https://www.google.com/maps/place/Ustaw+si%C4%99+na+bieganie+w+Gda%C5%84sku/data=!4m7!3m6!1s0x46fd7534fe71fc8b:0xeb16822edc590db9!8m2!3d54.3497606!4d18.5276082!16s%2Fg%2F11rkh99jn0!19sChIJi_xx_jR1_UYRuQ1Z3C6CFus?authuser=0&hl=en&rclk=1
54.3501277,18.5279705,sport,Siownia na wie偶ym powietrzu / Street workout Decathlon,https://www.google.com/maps/place/Si%C5%82ownia+na+%C5%9Bwie%C5%BCym+powietrzu+%2F+Street+workout+Decathlon/data=!4m7!3m6!1s0x46fd75ca2e88e289:0x92f68b2403a1816d!8m2!3d54.3501277!4d18.5279705!16s%2Fg%2F11jn48dq35!19sChIJieKILsp1_UYRbYGhAySL9pI?authuser=0&hl=en&rclk=1
54.3312078,18.5655096,sport,"""Sport & Travel""",https://www.google.com/maps/place/%22Sport+%26+Travel%22/data=!4m7!3m6!1s0x46fd76b9affffe21:0x840b96953c55cb6a!8m2!3d54.3312078!4d18.5655096!16s%2Fg%2F119vvq_jv!19sChIJIf7_r7l2_UYRastVPJWWC4Q?authuser=0&hl=en&rclk=1
54.3535329,18.6026566,sport,Lilgim - gimnastyka sportowa dla dzieci i modzie偶y,https://www.google.com/maps/place/Lilgim+-+gimnastyka+sportowa+dla+dzieci+i+m%C5%82odzie%C5%BCy/data=!4m7!3m6!1s0x46fd747c810db295:0xa5c3a3cf94133bda!8m2!3d54.3535329!4d18.6026566!16s%2Fg%2F1yg4fj7dg!19sChIJlbINgXx0_UYR2jsTlM-jw6U?authuser=0&hl=en&rclk=1
54.3497686,18.644398,sport,City Sport,https://www.google.com/maps/place/City+Sport/data=!4m7!3m6!1s0x46fd73cdecf041b5:0x70cea1b038ed78bd!8m2!3d54.3497686!4d18.644398!16s%2Fg%2F11g0km43xh!19sChIJtUHw7M1z_UYRvXjtOLChznA?authuser=0&hl=en&rclk=1
54.3456603,18.6426834,sport,Boiska do koszyk贸wki,https://www.google.com/maps/place/Boiska+do+koszyk%C3%B3wki/data=!4m7!3m6!1s0x46fd7341dc676817:0xdd4eb3f8b92f6a47!8m2!3d54.3456603!4d18.6426834!16s%2Fg%2F11t4crm5cs!19sChIJF2hn3EFz_UYRR2ovufizTt0?authuser=0&hl=en&rclk=1
54.347878,18.6607281,sport,HELLY HANSEN GDASK,https://www.google.com/maps/place/HELLY+HANSEN+GDA%C5%83SK/data=!4m7!3m6!1s0x46fd73b4b2a8c855:0xd1d6b3cebc24c840!8m2!3d54.347878!4d18.6607281!16s%2Fg%2F11jwxycrxb!19sChIJVciosrRz_UYRQMgkvM6z1tE?authuser=0&hl=en&rclk=1
54.347575,18.6714291,sport,GK呕 Wybrze偶e Gdask,https://www.google.com/maps/place/GK%C5%BB+Wybrze%C5%BCe+Gda%C5%84sk/data=!4m7!3m6!1s0x46fd73a81aea6ba9:0x27991ca69000d3dc!8m2!3d54.347575!4d18.6714291!16s%2Fg%2F1tdd3z9m!19sChIJqWvqGqhz_UYR3NMAkKYcmSc?authuser=0&hl=en&rclk=1
54.3637382,18.6430219,sport,Sekcja Sport,https://www.google.com/maps/place/Sekcja+Sport/data=!4m7!3m6!1s0x46fd7785404e7def:0x42319c1d0e5df66c!8m2!3d54.3637382!4d18.6430219!16s%2Fg%2F11f9xtzltq!19sChIJ731OQIV3_UYRbPZdDh2cMUI?authuser=0&hl=en&rclk=1
54.313741,18.5693898,sport,PRO SPORT Rowery Gdask | Oficjalny sklep rowerowy TREK,https://www.google.com/maps/place/PRO+SPORT+Rowery+Gda%C5%84sk+%7C+Oficjalny+sklep+rowerowy+TREK/data=!4m7!3m6!1s0x46fd77cadb74fb4d:0xd91fe55f177ab975!8m2!3d54.313741!4d18.5693898!16s%2Fg%2F11pt_4hrn6!19sChIJTft028p3_UYRdbl6F1_lH9k?authuser=0&hl=en&rclk=1
54.3376277,18.6130189,sport,"LORD4SPORT - sprzt fitness, wyposa偶enie siowni. Sprzeda偶 detaliczna i hurtowa.","https://www.google.com/maps/place/LORD4SPORT+-+sprz%C4%99t+fitness,+wyposa%C5%BCenie+si%C5%82owni.+Sprzeda%C5%BC+detaliczna+i+hurtowa./data=!4m7!3m6!1s0x46fd73a9818c3129:0x26f9a4d99b2d3459!8m2!3d54.3376277!4d18.6130189!16s%2Fg%2F11h94_llc3!19sChIJKTGMgalz_UYRWTQtm9mk-SY?authuser=0&hl=en&rclk=1"
54.330836,18.5981686,sport,Sport Event,https://www.google.com/maps/place/Sport+Event/data=!4m7!3m6!1s0x46fd74096ebc4929:0x28603f799711531f!8m2!3d54.330836!4d18.5981686!16s%2Fg%2F11fmxyr3pm!19sChIJKUm8bgl0_UYRH1MRl3k_YCg?authuser=0&hl=en&rclk=1
54.3369474,18.638506,sport,VT Dystrybucja,https://www.google.com/maps/place/VT+Dystrybucja/data=!4m7!3m6!1s0x4162014e2bd73c3b:0xeafd591003c7f5b0!8m2!3d54.3369474!4d18.638506!16s%2Fg%2F11b6gqgdqq!19sChIJOzzXK04BYkERsPXHAxBZ_eo?authuser=0&hl=en&rclk=1
54.3199889,18.6359068,sport,PRO Sport Wojciech Rzsa Gdaska Akademia Pywania - nauka pywania dla dzieci i dorosych,https://www.google.com/maps/place/PRO+Sport+Wojciech+Rz%C4%85sa+Gda%C5%84ska+Akademia+P%C5%82ywania+-+nauka+p%C5%82ywania+dla+dzieci+i+doros%C5%82ych/data=!4m7!3m6!1s0x46fd730541c463eb:0x8e33da8f4a2cfd9b!8m2!3d54.3199889!4d18.6359068!16s%2Fg%2F11gkbvrqb8!19sChIJ62PEQQVz_UYRm_0sSo_aM44?authuser=0&hl=en&rclk=1
54.3401013,18.6513391,sport,Akademia Carvingu,https://www.google.com/maps/place/Akademia+Carvingu/data=!4m7!3m6!1s0x46fd73a31028b245:0xe4a53b32626cc153!8m2!3d54.3401013!4d18.6513391!16s%2Fg%2F1pp2tkk1s!19sChIJRbIoEKNz_UYRU8FsYjI7peQ?authuser=0&hl=en&rclk=1
54.3394037,18.6590066,sport,Siownia pod chmurk,https://www.google.com/maps/place/Si%C5%82ownia+pod+chmurk%C4%85/data=!4m7!3m6!1s0x46fd73bcb7a3f8eb:0xf7a62844c26211e9!8m2!3d54.3394037!4d18.6590066!16s%2Fg%2F11n0409mky!19sChIJ6_ijt7xz_UYR6RFiwkQopvc?authuser=0&hl=en&rclk=1
54.3108085,18.4704725,sport,Klub sportowy Sulmin,https://www.google.com/maps/place/Klub+sportowy+Sulmin/data=!4m7!3m6!1s0x46fd77db9bfffd51:0xef822ea3da80ada8!8m2!3d54.3108085!4d18.4704725!16s%2Fg%2F11q8y6_7cw!19sChIJUf3_m9t3_UYRqK2A2qMugu8?authuser=0&hl=en&rclk=1
54.3221459,18.4506424,sport,Orodek Je藕dziectwa i Rekreacji UROK,https://www.google.com/maps/place/O%C5%9Brodek+Je%C5%BAdziectwa+i+Rekreacji+UROK/data=!4m7!3m6!1s0x46fd9df5d03c10b9:0x9ece9692fbc0d5e!8m2!3d54.3221459!4d18.4506424!16s%2Fg%2F11bw3dmjg0!19sChIJuRA80PWd_UYRXg28L2np7Ak?authuser=0&hl=en&rclk=1
54.291387,18.5311903,sport,VICTORIA-SPORT,https://www.google.com/maps/place/VICTORIA-SPORT/data=!4m7!3m6!1s0x46fd76e5ff2ac85b:0xab3bb8b17f8d1e06!8m2!3d54.291387!4d18.5311903!16s%2Fg%2F11c5bsmth6!19sChIJW8gq_-V2_UYRBh6Nf7G4O6s?authuser=0&hl=en&rclk=1
54.3203524,18.5514108,sport,ASICS - Gdask Factory Outlet,https://www.google.com/maps/place/ASICS+-+Gda%C5%84sk+Factory+Outlet/data=!4m7!3m6!1s0x46fd769e42be47cf:0x158a27d10cee463!8m2!3d54.3203524!4d18.5514108!16s%2Fg%2F11b5z47lpb!19sChIJz0e-Qp52_UYRY-TOEH2iWAE?authuser=0&hl=en&rclk=1
54.3215725,18.5624868,sport,GemSetMecz,https://www.google.com/maps/place/GemSetMecz/data=!4m7!3m6!1s0x46fd75650f9ac57f:0xca0bbb1771fed228!8m2!3d54.3215725!4d18.5624868!16s%2Fg%2F11jh8sh95k!19sChIJf8WaD2V1_UYRKNL-cRe7C8o?authuser=0&hl=en&rclk=1
54.3195653,18.5523164,sport,Attitude-Sport. Krause T.,https://www.google.com/maps/place/Attitude-Sport.+Krause+T./data=!4m7!3m6!1s0x46fd769e7e5a35c7:0x74494e9811b1d670!8m2!3d54.3195653!4d18.5523164!16s%2Fg%2F1tj9s0qm!19sChIJxzVafp52_UYRcNaxEZhOSXQ?authuser=0&hl=en&rclk=1
54.3203524,18.5514108,sport,Salomon FO Gdansk,https://www.google.com/maps/place/Salomon+FO+Gdansk/data=!4m7!3m6!1s0x46fd769e7c04deef:0x60624395f0698352!8m2!3d54.3203524!4d18.5514108!16s%2Fg%2F11f14717b1!19sChIJ794EfJ52_UYRUoNp8JVDYmA?authuser=0&hl=en&rclk=1
54.3229259,18.5680602,sport,Siownia na wie偶ym powietrzu,https://www.google.com/maps/place/Si%C5%82ownia+na+%C5%9Bwie%C5%BCym+powietrzu/data=!4m7!3m6!1s0x46fd758568a238e3:0x6b5d4be58f050740!8m2!3d54.3229259!4d18.5680602!16s%2Fg%2F11kf278_qj!19sChIJ4ziiaIV1_UYRQAcFj-VLXWs?authuser=0&hl=en&rclk=1
54.3140693,18.5874832,sport,PRO Sport Wojciech Rzsa Gdaska Akademia Pywania - nauka pywania dla dzieci i dorosych,https://www.google.com/maps/place/PRO+Sport+Wojciech+Rz%C4%85sa+Gda%C5%84ska+Akademia+P%C5%82ywania+-+nauka+p%C5%82ywania+dla+dzieci+i+doros%C5%82ych/data=!4m7!3m6!1s0x46fd77772931528f:0x436a31bfd4db86ba!8m2!3d54.3140693!4d18.5874832!16s%2Fg%2F11fll9yclb!19sChIJj1IxKXd3_UYRuobb1L8xakM?authuser=0&hl=en&rclk=1
54.2604904,18.6389863,sport,Sklep Alex Sport,https://www.google.com/maps/place/Sklep+Alex+Sport/data=!4m7!3m6!1s0x46fd7052fef51a89:0xf3494f7f4a4eefe8!8m2!3d54.2604904!4d18.6389863!16s%2Fg%2F11h0vqxyln!19sChIJiRr1_lJw_UYR6O9OSn9PSfM?authuser=0&hl=en&rclk=1
54.337554,18.828018,sport,Przysta Wilinka,https://www.google.com/maps/place/Przysta%C5%84+Wi%C5%9Blinka/data=!4m7!3m6!1s0x46fd6ce3a57cb7bf:0x9fc6552b32ae6053!8m2!3d54.337554!4d18.828018!16s%2Fg%2F11ggmb2_4f!19sChIJv7d8peNs_UYRU2CuMitVxp8?authuser=0&hl=en&rclk=1
54.2659801,18.4706582,sport,TTI-SPORTS - PROFESJONALNA ODZIE呕 MOTOCYKLOWA,https://www.google.com/maps/place/TTI-SPORTS+-+PROFESJONALNA+ODZIE%C5%BB+MOTOCYKLOWA/data=!4m7!3m6!1s0x46fd77bdc2de6e9f:0x944eb2cc95ea0c03!8m2!3d54.2659801!4d18.4706582!16s%2Fg%2F1tdy7rxd!19sChIJn27ewr13_UYRAwzqlcyyTpQ?authuser=0&hl=en&rclk=1
54.3112287,18.4697174,sport,Boisko w Sulminie,https://www.google.com/maps/place/Boisko+w+Sulminie/data=!4m7!3m6!1s0x46fd77e7cbaf9caf:0xdfb7e94ed517a703!8m2!3d54.3112287!4d18.4697174!16s%2Fg%2F11g0h45frg!19sChIJr5yvy-d3_UYRA6cX1U7pt98?authuser=0&hl=en&rclk=1
54.3086406,18.5663836,sport,"Pablo Unltd, pablounltd - sporty walki, MMA, kickboxing, boks Gdask","https://www.google.com/maps/place/Pablo+Unltd,+pablounltd+-+sporty+walki,+MMA,+kickboxing,+boks+Gda%C5%84sk/data=!4m7!3m6!1s0x46fd772b74e8ccbd:0x9ee18010cd18b40f!8m2!3d54.3086406!4d18.5663836!16s%2Fg%2F11fhwkq72p!19sChIJvczodCt3_UYRD7QYzRCA4Z4?authuser=0&hl=en&rclk=1"
54.3078374,18.5634509,sport,GKS Kowale juniorzy,https://www.google.com/maps/place/GKS+Kowale+juniorzy/data=!4m7!3m6!1s0x46fd77e415d6802f:0x3f40159a9827c559!8m2!3d54.3078374!4d18.5634509!16s%2Fg%2F11jydzy49z!19sChIJL4DWFeR3_UYRWcUnmJoVQD8?authuser=0&hl=en&rclk=1
54.3088875,18.5625924,sport,Akademia Pikarska Kowale,https://www.google.com/maps/place/Akademia+Pi%C5%82karska+Kowale/data=!4m7!3m6!1s0x46fd77a2a6a78023:0x5c4cae9b993b6915!8m2!3d54.3088875!4d18.5625924!16s%2Fg%2F11jh1w2ght!19sChIJI4CnpqJ3_UYRFWk7mZuuTFw?authuser=0&hl=en&rclk=1
54.313485,18.5898311,sport, MySportPlus - Nauka pywania Gdask dla dzieci i dorosych | Obozy i p贸kolonie lato 2022,https://www.google.com/maps/place/%F0%9F%8F%85+MySportPlus+-+Nauka+p%C5%82ywania+Gda%C5%84sk+dla+dzieci+i+doros%C5%82ych+%7C+Obozy+i+p%C3%B3%C5%82kolonie+lato+2022/data=!4m7!3m6!1s0x46fd73f10c9422a7:0x8e7cce1fc6150d52!8m2!3d54.313485!4d18.5898311!16s%2Fg%2F11g22ywjcs!19sChIJpyKUDPFz_UYRUg0Vxh_OfI4?authuser=0&hl=en&rclk=1
54.3199541,18.6358266,sport,Obozy Sportfun,https://www.google.com/maps/place/Obozy+Sportfun/data=!4m7!3m6!1s0x46fd73dd2c92454b:0x75a2be2014df0c74!8m2!3d54.3199541!4d18.6358266!16s%2Fg%2F11hzjy_b51!19sChIJS0WSLN1z_UYRdAzfFCC-onU?authuser=0&hl=en&rclk=1
54.2658441,18.6315825,sport,Martes Sport PRO,https://www.google.com/maps/place/Martes+Sport+PRO/data=!4m7!3m6!1s0x46fd71aa959dbe1b:0x9eefe99ccf99e366!8m2!3d54.2658441!4d18.6315825!16s%2Fg%2F11gbk3lbc1!19sChIJG76dlapx_UYRZuOZz5zp754?authuser=0&hl=en&rclk=1
54.2601372,18.6399176,sport,Alex-Sport. Czarnecka A.,https://www.google.com/maps/place/Alex-Sport.+Czarnecka+A./data=!4m7!3m6!1s0x46fd7052f62e8cd9:0xea2f9f7e56526f39!8m2!3d54.2601372!4d18.6399176!16s%2Fg%2F1ttdx41x!19sChIJ2Ywu9lJw_UYROW9SVn6fL-o?authuser=0&hl=en&rclk=1
54.31401,18.7420819,sport,Taurus Sea Power Sp. o.o.,https://www.google.com/maps/place/Taurus+Sea+Power+Sp.+o.o./data=!4m7!3m6!1s0x46fd74b768dbce13:0xcc7e8d26e3ea2287!8m2!3d54.31401!4d18.7420819!16s%2Fg%2F11b7lmbl7v!19sChIJE87baLd0_UYRhyLq4yaNfsw?authuser=0&hl=en&rclk=1
54.2573111,18.6352024,sport,Sabat Lucyna Kowalczyk,https://www.google.com/maps/place/Sabat+Lucyna+Kowalczyk/data=!4m7!3m6!1s0x46fd7051fdb9179b:0x140376251dafb04c!8m2!3d54.2573111!4d18.6352024!16s%2Fg%2F1tcyjr0p!19sChIJmxe5_VFw_UYRTLCvHSV2AxQ?authuser=0&hl=en&rclk=1
54.3106962,18.9223468,sport,Stajnia Rajdowa Przegalina,https://www.google.com/maps/place/Stajnia+Rajdowa+Przegalina/data=!4m7!3m6!1s0x46fd6b1350b26049:0x3addfa56a3e8c866!8m2!3d54.3106962!4d18.9223468!16s%2Fg%2F11tdtn9jt0!19sChIJSWCyUBNr_UYRZsjoo1b63To?authuser=0&hl=en&rclk=1
54.2942008,18.5273249,sport,Pumptrack Bkowo,https://www.google.com/maps/place/Pumptrack+B%C4%85kowo/data=!4m7!3m6!1s0x46fd76ee31b7af81:0xc3caa11d2a2186d4!8m2!3d54.2942008!4d18.5273249!16s%2Fg%2F11gcqx5fbc!19sChIJga-3Me52_UYR1IYhKh2hysM?authuser=0&hl=en&rclk=1
54.275114,18.4680649,sport,Myszkier-Turbo Wojciech Myszkier,https://www.google.com/maps/place/Myszkier-Turbo+Wojciech+Myszkier/data=!4m7!3m6!1s0x46fd77bc81e2cecf:0x5b5bf98a5c5e7ac6!8m2!3d54.275114!4d18.4680649!16s%2Fg%2F1ptx_5s7t!19sChIJz87igbx3_UYRxnpeXIr5W1s?authuser=0&hl=en&rclk=1
54.286116,18.4128836,sport,Stajnia nad stawem,https://www.google.com/maps/place/Stajnia+nad+stawem/data=!4m7!3m6!1s0x46fd9dcbaa4aa7c3:0x501c173f8cc96520!8m2!3d54.286116!4d18.4128836!16s%2Fg%2F11pcbwt52k!19sChIJw6dKqsud_UYRIGXJjD8XHFA?authuser=0&hl=en&rclk=1
54.277316,18.4148963,sport,Pla偶a apino,https://www.google.com/maps/place/Pla%C5%BCa+%C5%81apino/data=!4m7!3m6!1s0x46fd9dd9c8734f1d:0xca556a1759a5ebde!8m2!3d54.277316!4d18.4148963!16s%2Fg%2F11kgc723w3!19sChIJHU9zyNmd_UYR3uulWRdqVco?authuser=0&hl=en&rclk=1
54.2606863,18.6601608,sport,STR Motor Sport,https://www.google.com/maps/place/STR+Motor+Sport/data=!4m7!3m6!1s0x46fd71b55bf3552b:0x3484b643155e8f7!8m2!3d54.2606863!4d18.6601608!16s%2Fg%2F11c21mzvkh!19sChIJK1XzW7Vx_UYR9-hVMWRLSAM?authuser=0&hl=en&rclk=1
54.248781,18.8454349,sport,Szkoa Podstawowa im. Henryka Sienkiewicza w Cedrach Wielkich,https://www.google.com/maps/place/Szko%C5%82a+Podstawowa+im.+Henryka+Sienkiewicza+w+Cedrach+Wielkich/data=!4m7!3m6!1s0x46fd6975981ccb93:0x2f534cd94e16ee7c!8m2!3d54.248781!4d18.8454349!16s%2Fg%2F11gr1b24cw!19sChIJk8scmHVp_UYRfO4WTtlMUy8?authuser=0&hl=en&rclk=1
54.2684277,18.4753176,sport,Akademia Sportu Kolbudy,https://www.google.com/maps/place/Akademia+Sportu+Kolbudy/data=!4m7!3m6!1s0x46fd77a2f5fc6521:0x9decaca4c3e4ae4e!8m2!3d54.2684277!4d18.4753176!16s%2Fg%2F12mq2sqjk!19sChIJIWX89aJ3_UYRTq7kw6Ss7J0?authuser=0&hl=en&rclk=1
54.2772955,18.4773929,sport,Orlik,https://www.google.com/maps/place/Orlik/data=!4m7!3m6!1s0x46fd770ad66c01bd:0x59e57c1b46c7e379!8m2!3d54.2772955!4d18.4773929!16s%2Fg%2F11rw6m4jxx!19sChIJvQFs1gp3_UYReePHRht85Vk?authuser=0&hl=en&rclk=1
54.2772799,18.4556536,sport,Kolbudzki May Zbiornik Wodny,https://www.google.com/maps/place/Kolbudzki+Ma%C5%82y+Zbiornik+Wodny/data=!4m7!3m6!1s0x46fd77bec6889601:0x55e51a72a21ad18!8m2!3d54.2772799!4d18.4556536!16s%2Fg%2F11ffvdbb17!19sChIJAZaIxr53_UYRGK0hKqdRXgU?authuser=0&hl=en&rclk=1
54.2576765,18.6351707,sport,Restauracja sevenSPORTS,https://www.google.com/maps/place/Restauracja+sevenSPORTS/data=!4m7!3m6!1s0x46fd71b4ea49ce69:0xef5793fedc32154f!8m2!3d54.2576765!4d18.6351707!16s%2Fg%2F1ptwc0s8l!19sChIJac5J6rRx_UYRTxUy3P6TV-8?authuser=0&hl=en&rclk=1
51.9537505,19.1343786,sport,Sport z Pasji - Sklep Sportowy,https://www.google.com/maps/place/Sport+z+Pasji+-+Sklep+Sportowy/data=!4m7!3m6!1s0x80d9c1d83d8b2bf:0x754fdd46e1de503b!8m2!3d51.9537505!4d19.1343786!16s%2Fg%2F11s81h99_s!19sChIJv7LYgx2cDQgRO1De4UbdT3U?authuser=0&hl=en&rclk=1
54.2738916,18.7740217,sport,Boisko szkolne,https://www.google.com/maps/place/Boisko+szkolne/data=!4m7!3m6!1s0x46fd6f286d2979dd:0x6ff367c4ca5007f2!8m2!3d54.2738916!4d18.7740217!16s%2Fg%2F11t495zvth!19sChIJ3XkpbShv_UYR8gdQysRn828?authuser=0&hl=en&rclk=1
54.435368,18.418612,silownia,Modelscy Sport Club,https://www.google.com/maps/place/Modelscy+Sport+Club/data=!4m7!3m6!1s0x46fda1e23d645f5b:0x3dc2ebabd0ae56e7!8m2!3d54.435368!4d18.418612!16s%2Fg%2F11b6zptsk7!19sChIJW19kPeKh_UYR51au0Kvrwj0?authuser=0&hl=en&rclk=1
54.4614766,18.4505889,silownia,Premium Fitness&Gym Gdynia,https://www.google.com/maps/place/Premium+Fitness%26Gym+Gdynia/data=!4m7!3m6!1s0x46fda1a9cfb27a9f:0xab5177c658b0ea53!8m2!3d54.4614766!4d18.4505889!16s%2Fg%2F11hz_543pk!19sChIJn3qyz6mh_UYRU-qwWMZ3Uas?authuser=0&hl=en&rclk=1
54.4738355,18.4746581,silownia,Fitness Klub ZDROFIT Gdynia - Karwiny,https://www.google.com/maps/place/Fitness+Klub+ZDROFIT+Gdynia+-+Karwiny/data=!4m7!3m6!1s0x46fda1bf753d1f5b:0x95a7b8e5c20290e4!8m2!3d54.4738355!4d18.4746581!16s%2Fg%2F11h9hk8y6m!19sChIJWx89db-h_UYR5JACwuW4p5U?authuser=0&hl=en&rclk=1
54.4328044,18.4804677,silownia,Klub fitness UP - Gdask Osowa,https://www.google.com/maps/place/Klub+fitness+UP+-+Gda%C5%84sk+Osowa/data=!4m7!3m6!1s0x46fda02f7cf7d3dd:0xa37289d8d94e2710!8m2!3d54.4328044!4d18.4804677!16s%2Fg%2F11bwm4t8sy!19sChIJ3dP3fC-g_UYRECdO2diJcqM?authuser=0&hl=en&rclk=1
54.500053,18.4372643,silownia,Fitness Klub ZDROFIT Gdynia - Chwarzno,https://www.google.com/maps/place/Fitness+Klub+ZDROFIT+Gdynia+-+Chwarzno/data=!4m7!3m6!1s0x46fda3e0325dc0af:0x7a9d3abb3d84fbe1!8m2!3d54.500053!4d18.4372643!16s%2Fg%2F11b6zt8bnj!19sChIJr8BdMuCj_UYR4fuEPbs6nXo?authuser=0&hl=en&rclk=1
54.4722839,18.5189464,silownia,Centrum Fitness Gdynia,https://www.google.com/maps/place/Centrum+Fitness+Gdynia/data=!4m7!3m6!1s0x46fda0f2372037c5:0xe130ba4cc9d01737!8m2!3d54.4722839!4d18.5189464!16s%2Fg%2F11bw3ftck7!19sChIJxTcgN_Kg_UYRNxfQyUy6MOE?authuser=0&hl=en&rclk=1
54.4465369,18.4254032,silownia,Fit Medica,https://www.google.com/maps/place/Fit+Medica/data=!4m7!3m6!1s0x46fd9ea0c5bf29dd:0xbd157b5a20508a80!8m2!3d54.4465369!4d18.4254032!16s%2Fg%2F1hjglwwbb!19sChIJ3Sm_xaCe_UYRgIpQIFp7Fb0?authuser=0&hl=en&rclk=1
54.388222,18.3835227,silownia,Good Luck Club Banino,https://www.google.com/maps/place/Good+Luck+Club+Banino/data=!4m7!3m6!1s0x46fd9edbdc669faf:0xc33125f2550a4046!8m2!3d54.388222!4d18.3835227!16s%2Fg%2F11b6zq_d46!19sChIJr59m3Nue_UYRRkAKVfIlMcM?authuser=0&hl=en&rclk=1
54.4039409,18.5714547,silownia,CityFit,https://www.google.com/maps/place/CityFit/data=!4m7!3m6!1s0x46fd752e8e7ea7f1:0x19f5d693839e7c4e!8m2!3d54.4039409!4d18.5714547!16s%2Fg%2F11cmr01lhs!19sChIJ8ad-ji51_UYRTnyeg5PW9Rk?authuser=0&hl=en&rclk=1
54.5031548,18.5315364,silownia,Zdrofit,https://www.google.com/maps/place/Zdrofit/data=!4m7!3m6!1s0x46fda0cd93030ee9:0x7051a8385a9300a6!8m2!3d54.5031548!4d18.5315364!16s%2Fg%2F11cjkp_9gv!19sChIJ6Q4Dk82g_UYRpgCTWjioUXA?authuser=0&hl=en&rclk=1
54.3992272,18.5762208,silownia,Zdrofit Gdask - Alchemia,https://www.google.com/maps/place/Zdrofit+Gda%C5%84sk+-+Alchemia/data=!4m7!3m6!1s0x46fd7599f48ff897:0x285f8607708176d1!8m2!3d54.3992272!4d18.5762208!16s%2Fg%2F1ptxgrzf9!19sChIJl_iP9Jl1_UYR0XaBcAeGXyg?authuser=0&hl=en&rclk=1
54.522221,18.5434721,silownia,Fitness Klub ZDROFIT Gdynia - Plac Kaszubski,https://www.google.com/maps/place/Fitness+Klub+ZDROFIT+Gdynia+-+Plac+Kaszubski/data=!4m7!3m6!1s0x46fda724aa8ada53:0x1f230f9100b5186e!8m2!3d54.522221!4d18.5434721!16s%2Fg%2F11cly5b20w!19sChIJU9qKqiSn_UYRbhi1AJEPIx8?authuser=0&hl=en&rclk=1
54.4119683,18.6024734,silownia,Fitness Klub ZDROFIT Gdask - Przymorze,https://www.google.com/maps/place/Fitness+Klub+ZDROFIT+Gda%C5%84sk+-+Przymorze/data=!4m7!3m6!1s0x46fd0bd175185a21:0x44395510a64d48e!8m2!3d54.4119683!4d18.6024734!16s%2Fg%2F11f8ljbqlh!19sChIJIVoYddEL_UYRjtRkClGVQwQ?authuser=0&hl=en&rclk=1
54.4675652,18.4876974,silownia,ACTIV Studio Recreation FIKAKOWO,https://www.google.com/maps/place/ACTIV+Studio+Recreation+FIKAKOWO/data=!4m7!3m6!1s0x46fda0554e623a63:0xf1a6cf35d05e5e4e!8m2!3d54.4675652!4d18.4876974!16s%2Fg%2F11clsxyftw!19sChIJYzpiTlWg_UYRTl5e0DXPpvE?authuser=0&hl=en&rclk=1
54.4741461,18.5144881,silownia,BODY CENTER - Gdynia,https://www.google.com/maps/place/BODY+CENTER+-+Gdynia/data=!4m7!3m6!1s0x46fda0f1b559d7f9:0x8a7ded3d2143d5d7!8m2!3d54.4741461!4d18.5144881!16s%2Fg%2F11b6_n7sc2!19sChIJ-ddZtfGg_UYR19VDIT3tfYo?authuser=0&hl=en&rclk=1
54.471384,18.4607579,silownia,ACTIV Studio Recreation DBROWA,https://www.google.com/maps/place/ACTIV+Studio+Recreation+D%C4%84BROWA/data=!4m7!3m6!1s0x46fda1a095a02af1:0x9424c2c09429f87f!8m2!3d54.471384!4d18.4607579!16s%2Fg%2F11clyvrl5f!19sChIJ8SqglaCh_UYRf_gplMDCJJQ?authuser=0&hl=en&rclk=1
54.4572677,18.5352953,silownia,Pit Gym Siownia,https://www.google.com/maps/place/Pit+Gym+Si%C5%82ownia/data=!4m7!3m6!1s0x46fda07cc3c220a3:0x7b853912ad9af1bc!8m2!3d54.4572677!4d18.5352953!16s%2Fg%2F1hc4s5c15!19sChIJoyDCw3yg_UYRvPGarRI5hXs?authuser=0&hl=en&rclk=1
54.4743043,18.5519425,silownia,Calypso Fitness i Siownia Gdynia Klif,https://www.google.com/maps/place/Calypso+Fitness+i+Si%C5%82ownia+Gdynia+Klif/data=!4m7!3m6!1s0x46fda137d0148c19:0x6e4fa127cee223ef!8m2!3d54.4743043!4d18.5519425!16s%2Fg%2F11gh6bxgmj!19sChIJGYwU0Deh_UYR7yPiziehT24?authuser=0&hl=en&rclk=1
54.445755,18.55059,silownia,CENTRUM SOPOT,https://www.google.com/maps/place/CENTRUM+SOPOT/data=!4m7!3m6!1s0x46fd0a9cb0b4ce9f:0xc7bc5755cc042bc0!8m2!3d54.445755!4d18.55059!16s%2Fg%2F1tpln_sw!19sChIJn860sJwK_UYRwCsEzFVXvMc?authuser=0&hl=en&rclk=1
54.4416285,18.5620849,silownia,Klub Fitness ZDROFIT Sopot - Sopot Centrum,https://www.google.com/maps/place/Klub+Fitness+ZDROFIT+Sopot+-+Sopot+Centrum/data=!4m7!3m6!1s0x46fd0a90e3470949:0xe2713afd759ca0e2!8m2!3d54.4416285!4d18.5620849!16s%2Fg%2F11gbfd9rkn!19sChIJSQlH45AK_UYR4qCcdf06ceI?authuser=0&hl=en&rclk=1
54.4482863,18.5554385,silownia,Siownia pod chmurk,https://www.google.com/maps/place/Si%C5%82ownia+pod+chmurk%C4%85/data=!4m7!3m6!1s0x46fd0bb369ebc8b9:0xac17bd36454ffa98!8m2!3d54.4482863!4d18.5554385!16s%2Fg%2F11j99qj4wp!19sChIJucjrabML_UYRmPpPRTa9F6w?authuser=0&hl=en&rclk=1
54.4198083,18.5621899,silownia,Akademos - Fitness Klub,https://www.google.com/maps/place/Akademos+-+Fitness+Klub/data=!4m7!3m6!1s0x46fd0ac835ce2f91:0x320accf973d92f83!8m2!3d54.4198083!4d18.5621899!16s%2Fg%2F1v82_sx0!19sChIJkS_ONcgK_UYRgy_Zc_nMCjI?authuser=0&hl=en&rclk=1
54.4340056,18.5635448,silownia,Community Fitness 3miasto,https://www.google.com/maps/place/Community+Fitness+3miasto/data=!4m7!3m6!1s0x46fd0a95f49d43af:0x98a34db7eaed4dd3!8m2!3d54.4340056!4d18.5635448!16s%2Fg%2F1pxwqb6xp!19sChIJr0Od9JUK_UYR003t6rdNo5g?authuser=0&hl=en&rclk=1
54.4474588,18.5683975,silownia,SmartGym: Gdask Gdynia Sopot,https://www.google.com/maps/place/SmartGym:+Gda%C5%84sk+Gdynia+Sopot/data=!4m7!3m6!1s0x46fd0a90372e30f7:0x205b0788cbed1206!8m2!3d54.4474588!4d18.5683975!16s%2Fg%2F11fm16dhbr!19sChIJ9zAuN5AK_UYRBhLty4gHWyA?authuser=0&hl=en&rclk=1
54.446682,18.569163,silownia,Sheraton Sopot Spa,https://www.google.com/maps/place/Sheraton+Sopot+Spa/data=!4m7!3m6!1s0x46fd0a8e63a06713:0x4c2165056ea26daa!8m2!3d54.446682!4d18.569163!16s%2Fg%2F11c5stvtl8!19sChIJE2egY44K_UYRqm2ibgVlIUw?authuser=0&hl=en&rclk=1
54.4400581,18.4566484,silownia,Centrum Rekreacji Studio Nr 1,https://www.google.com/maps/place/Centrum+Rekreacji+Studio+Nr+1/data=!4m7!3m6!1s0x46fda029d2d823d1:0x2201d6ca9e65346e!8m2!3d54.4400581!4d18.4566484!16s%2Fg%2F1yfh_k0f_!19sChIJ0SPY0img_UYRbjRlnsrWASI?authuser=0&hl=en&rclk=1
54.4286593,18.4683796,silownia,Taurus,https://www.google.com/maps/place/Taurus/data=!4m7!3m6!1s0x46fda02a2a486585:0xf864dc032293fb12!8m2!3d54.4286593!4d18.4683796!16s%2Fg%2F1tg59sz9!19sChIJhWVIKiqg_UYREvuTIgPcZPg?authuser=0&hl=en&rclk=1
54.431072,18.473274,silownia,Gregor Gym,https://www.google.com/maps/place/Gregor+Gym/data=!4m7!3m6!1s0x46fda1b92c2739fd:0x383154c27e0cef67!8m2!3d54.431072!4d18.473274!16s%2Fg%2F11h0b99h2j!19sChIJ_TknLLmh_UYRZ-8MfsJUMTg?authuser=0&hl=en&rclk=1
54.4017988,18.5792583,silownia,All For Body,https://www.google.com/maps/place/All+For+Body/data=!4m7!3m6!1s0x46fd75299c22a2dd:0x4df7a53ae2b302b2!8m2!3d54.4017988!4d18.5792583!16s%2Fg%2F11ggrbxbzt!19sChIJ3aIinCl1_UYRsgKz4jql900?authuser=0&hl=en&rclk=1
54.4223169,18.5820279,silownia,"Siownia ""Pod chmurk""",https://www.google.com/maps/place/Si%C5%82ownia+%22Pod+chmurk%C4%85%22/data=!4m7!3m6!1s0x46fd0adad89dd9eb:0x7446c00c29c5d0a!8m2!3d54.4223169!4d18.5820279!16s%2Fg%2F11c1vqnnjt!19sChIJ69md2NoK_UYRCl2cwgBsRAc?authuser=0&hl=en&rclk=1
54.421579,18.5687783,silownia,Body Club Centrum Rekreacyjno-Kulturystyczne i Fitness,https://www.google.com/maps/place/Body+Club+Centrum+Rekreacyjno-Kulturystyczne+i+Fitness/data=!4m7!3m6!1s0x46fd0acf715b3c8f:0x3f1afcfd2fbbcd9f!8m2!3d54.421579!4d18.5687783!16s%2Fg%2F1tdb7jh_!19sChIJjzxbcc8K_UYRn827L_38Gj8?authuser=0&hl=en&rclk=1
54.4289637,18.5904468,silownia,Marina Wellness Center swimming pool,https://www.google.com/maps/place/Marina+Wellness+Center+swimming+pool/data=!4m7!3m6!1s0x46fd0add8ff75053:0x70bf976ec8e4c18a!8m2!3d54.4289637!4d18.5904468!16s%2Fg%2F1tf8rsxz!19sChIJU1D3j90K_UYRisHkyG6Xv3A?authuser=0&hl=en&rclk=1
54.391556,18.5692393,silownia,MOVEGYM - Studio Treningowe,https://www.google.com/maps/place/MOVEGYM+-+Studio+Treningowe/data=!4m7!3m6!1s0x46fd75555d10940d:0x3860c214aa03de0!8m2!3d54.391556!4d18.5692393!16s%2Fg%2F11p0ckhn6m!19sChIJDZQQXVV1_UYR4D2gSiEMhgM?authuser=0&hl=en&rclk=1
54.4213647,18.4745367,silownia,Siownia zewntrzna,https://www.google.com/maps/place/Si%C5%82ownia+zewn%C4%99trzna/data=!4m7!3m6!1s0x46fd9f22b439ba8f:0xba3757c05f3826ed!8m2!3d54.4213647!4d18.4745367!16s%2Fg%2F11fhyqfcv2!19sChIJj7o5tCKf_UYR7SY4X8BXN7o?authuser=0&hl=en&rclk=1
54.4263726,18.4799098,silownia,Impuls Zdrowia,https://www.google.com/maps/place/Impuls+Zdrowia/data=!4m7!3m6!1s0x46fda19fc088113d:0x6cf91280a6884673!8m2!3d54.4263726!4d18.4799098!16s%2Fg%2F11h1djd8s8!19sChIJPRGIwJ-h_UYRc0aIpoAS-Ww?authuser=0&hl=en&rclk=1
54.3850873,18.5760858,silownia,Siownia na Wolnym Powietrzu,https://www.google.com/maps/place/Si%C5%82ownia+na+Wolnym+Powietrzu/data=!4m7!3m6!1s0x46fd74e08be07f41:0xec9d063d8233d557!8m2!3d54.3850873!4d18.5760858!16s%2Fg%2F11c4gd_c_b!19sChIJQX_gi-B0_UYRV9Uzgj0Gnew?authuser=0&hl=en&rclk=1
54.4095818,18.5908366,silownia,Calypso Fitness i Siownia,https://www.google.com/maps/place/Calypso+Fitness+i+Si%C5%82ownia/data=!4m7!3m6!1s0x46fd0b2b1d21c681:0x7ad8593c392e10fb!8m2!3d54.4095818!4d18.5908366!16s%2Fg%2F1ptzkclyj!19sChIJgcYhHSsL_UYR-xAuOTxZ2Ho?authuser=0&hl=en&rclk=1
54.3998717,18.5913089,silownia,Klub fitness i Siownia Total Fitness Gdask,https://www.google.com/maps/place/Klub+fitness+i+Si%C5%82ownia+Total+Fitness+Gda%C5%84sk/data=!4m7!3m6!1s0x46fd75a797cf308d:0xb088a864abf1d590!8m2!3d54.3998717!4d18.5913089!16s%2Fg%2F11h38h9v3n!19sChIJjTDPl6d1_UYRkNXxq2SoiLA?authuser=0&hl=en&rclk=1
54.3395513,18.5558479,silownia,Gym & Fitness Gdask - Good Luck Club,https://www.google.com/maps/place/Gym+%26+Fitness+Gda%C5%84sk+-+Good+Luck+Club/data=!4m7!3m6!1s0x46fd74375d2f00d5:0x7822e1414613962c!8m2!3d54.3395513!4d18.5558479!16s%2Fg%2F1ts1lbft!19sChIJ1QAvXTd0_UYRLJYTRkHhIng?authuser=0&hl=en&rclk=1
54.3906056,18.5875471,silownia,Siownia Total Fitness Gdask,https://www.google.com/maps/place/Si%C5%82ownia+Total+Fitness+Gda%C5%84sk/data=!4m7!3m6!1s0x46fd749449c99c55:0xb298c8793401ef7d!8m2!3d54.3906056!4d18.5875471!16s%2Fg%2F1hc0x8v2n!19sChIJVZzJSZR0_UYRfe8BNHnImLI?authuser=0&hl=en&rclk=1
54.4023529,18.5979628,silownia,Atleta. Miejski Klub Sportowy,https://www.google.com/maps/place/Atleta.+Miejski+Klub+Sportowy/data=!4m7!3m6!1s0x46fd74d253eb3661:0xedd3bdd47fbf73da!8m2!3d54.4023529!4d18.5979628!16s%2Fg%2F1tmpcmnk!19sChIJYTbrU9J0_UYR2nO_f9S90-0?authuser=0&hl=en&rclk=1
54.4090133,18.6369747,silownia,Jungle Gym,https://www.google.com/maps/place/Jungle+Gym/data=!4m7!3m6!1s0x46fd0b0fd55912b5:0x11624e682d87b21b!8m2!3d54.4090133!4d18.6369747!16s%2Fg%2F11q8sk4bz7!19sChIJtRJZ1Q8L_UYRG7KHLWhOYhE?authuser=0&hl=en&rclk=1
54.401212,18.6730959,silownia,Port Fitness,https://www.google.com/maps/place/Port+Fitness/data=!4m7!3m6!1s0x46fd0d0ee0b42993:0xe180380e3f192ec8!8m2!3d54.401212!4d18.6730959!16s%2Fg%2F11fb0889zg!19sChIJkym04A4N_UYRyC4ZPw44gOE?authuser=0&hl=en&rclk=1
54.3722991,18.6341438,silownia,FitYard,https://www.google.com/maps/place/FitYard/data=!4m7!3m6!1s0x46fd7361e40c1ed7:0xf6e7a6256d9dcbd8!8m2!3d54.3722991!4d18.6341438!16s%2Fg%2F11cn9r7j66!19sChIJ1x4M5GFz_UYR2MudbSWm5_Y?authuser=0&hl=en&rclk=1
54.3772561,18.6238052,silownia,Siownia kalisteniczna,https://www.google.com/maps/place/Si%C5%82ownia+kalisteniczna/data=!4m7!3m6!1s0x46fd74985ff7afc7:0x683c6ed2ec4917a5!8m2!3d54.3772561!4d18.6238052!16s%2Fg%2F11fy4hcgm8!19sChIJx6_3X5h0_UYRpRdJ7NJuPGg?authuser=0&hl=en&rclk=1
54.3899659,18.6102236,silownia,Calypso Fitness Gdask Zaspa,https://www.google.com/maps/place/Calypso+Fitness+Gda%C5%84sk+Zaspa/data=!4m7!3m6!1s0x46fd75a49849c72b:0x397ea9408e495c2b!8m2!3d54.3899659!4d18.6102236!16s%2Fg%2F11mtjf3qcf!19sChIJK8dJmKR1_UYRK1xJjkCpfjk?authuser=0&hl=en&rclk=1
54.392417,18.4083149,silownia,Studio Ksztatowania Sylwetki Rolletic,https://www.google.com/maps/place/Studio+Kszta%C5%82towania+Sylwetki+Rolletic/data=!4m7!3m6!1s0x46fd9f1dd089ba97:0x161ce20bf799d4ba!8m2!3d54.392417!4d18.4083149!16s%2Fg%2F11g873j36g!19sChIJl7qJ0B2f_UYRutSZ9wviHBY?authuser=0&hl=en&rclk=1
54.3810515,18.5962245,silownia,Fitness Club Sp贸jnia,https://www.google.com/maps/place/Fitness+Club+Sp%C3%B3jnia/data=!4m7!3m6!1s0x46fd74e989414b41:0x5cafe3b35a0aa8b9!8m2!3d54.3810515!4d18.5962245!16s%2Fg%2F1yj4k3jft!19sChIJQUtBiel0_UYRuagKWrPjr1w?authuser=0&hl=en&rclk=1
54.3829264,18.6039032,silownia,Tonezone,https://www.google.com/maps/place/Tonezone/data=!4m7!3m6!1s0x46fd74bf8d033e89:0x63ebe331064d9ba9!8m2!3d54.3829264!4d18.6039032!16s%2Fg%2F11gbw9fldd!19sChIJiT4Djb90_UYRqZtNBjHj62M?authuser=0&hl=en&rclk=1
54.3773803,18.6072282,silownia,Fitness Klub ZDROFIT Gdask - CH Manhattan,https://www.google.com/maps/place/Fitness+Klub+ZDROFIT+Gda%C5%84sk+-+CH+Manhattan/data=!4m7!3m6!1s0x46fd749446d19051:0x3ce22f92acd648f!8m2!3d54.3773803!4d18.6072282!16s%2Fg%2F1vj5yxkm!19sChIJUZDRRpR0_UYRj2TNKvkizgM?authuser=0&hl=en&rclk=1
54.394864,18.6092543,silownia,Siownia pod chmurk,https://www.google.com/maps/place/Si%C5%82ownia+pod+chmurk%C4%85/data=!4m7!3m6!1s0x46fd7531c25d7c1f:0x7c22f4465d96bc2e!8m2!3d54.394864!4d18.6092543!16s%2Fg%2F11j90kzxxv!19sChIJH3xdwjF1_UYRLryWXUb0Inw?authuser=0&hl=en&rclk=1
54.3911408,18.5880557,silownia,CrossCore CrossFit,https://www.google.com/maps/place/CrossCore+CrossFit/data=!4m7!3m6!1s0x46fd74db8f23b58f:0xe92c7dd20d3e3863!8m2!3d54.3911408!4d18.5880557!16s%2Fg%2F11clrs1j8y!19sChIJj7Ujj9t0_UYRYzg-DdJ9LOk?authuser=0&hl=en&rclk=1
54.3900881,18.59208,silownia,"CrossCore Fight Gym klub sport贸w walki ""fight Academy """,https://www.google.com/maps/place/CrossCore+Fight+Gym+klub+sport%C3%B3w+walki+%22fight+Academy+%22/data=!4m7!3m6!1s0x46fd74db477982ab:0x24ec37bdf620dba4!8m2!3d54.3900881!4d18.59208!16s%2Fg%2F1tp8yr8m!19sChIJq4J5R9t0_UYRpNsg9r037CQ?authuser=0&hl=en&rclk=1
54.356532,18.648498,silownia,Calypso Fitness i Siownia,https://www.google.com/maps/place/Calypso+Fitness+i+Si%C5%82ownia/data=!4m7!3m6!1s0x46fd7376a235bc37:0x5aca3204f4f08dec!8m2!3d54.356532!4d18.648498!16s%2Fg%2F11bwf75dmf!19sChIJN7w1onZz_UYR7I3w9AQyylo?authuser=0&hl=en&rclk=1
54.349346,18.643527,silownia,CityFit,https://www.google.com/maps/place/CityFit/data=!4m7!3m6!1s0x46fd738d30bdd287:0xd7ced77384ac72f2!8m2!3d54.349346!4d18.643527!16s%2Fg%2F11h6r9t5lq!19sChIJh9K9MI1z_UYR8nKshHPXztc?authuser=0&hl=en&rclk=1
54.3609731,18.7159982,silownia,Fit Lady Studio Fitness,https://www.google.com/maps/place/Fit+Lady+Studio+Fitness/data=!4m7!3m6!1s0x46fd72e888b0d909:0xc192d3f72e22fa00!8m2!3d54.3609731!4d18.7159982!16s%2Fg%2F11hbtwf9pr!19sChIJCdmwiOhy_UYRAPoiLvfTksE?authuser=0&hl=en&rclk=1
54.3455853,18.5325408,silownia,Gdask Fitness Magnum,https://www.google.com/maps/place/Gda%C5%84sk+Fitness+Magnum/data=!4m7!3m6!1s0x46fd75c985a7022d:0xcc57e063826c5370!8m2!3d54.3455853!4d18.5325408!16s%2Fg%2F1tp2z22y!19sChIJLQKnhcl1_UYRcFNsgmPgV8w?authuser=0&hl=en&rclk=1
54.3584112,18.5859918,silownia,Siownia B-52 Morena,https://www.google.com/maps/place/Si%C5%82ownia+B-52+Morena/data=!4m7!3m6!1s0x46fd745e38f9094f:0x6bd1c232ef47e8b0!8m2!3d54.3584112!4d18.5859918!16s%2Fg%2F1wzt11qw!19sChIJTwn5OF50_UYRsOhH7zLC0Ws?authuser=0&hl=en&rclk=1
54.3896861,18.5993654,silownia,Outdoor gym,https://www.google.com/maps/place/Outdoor+gym/data=!4m7!3m6!1s0x46fd74c41560bbd1:0x948d571076da9305!8m2!3d54.3896861!4d18.5993654!16s%2Fg%2F12q4qcxjr!19sChIJ0btgFcR0_UYRBZPadhBXjZQ?authuser=0&hl=en&rclk=1
54.3823734,18.5860922,silownia,MEON EMS studio Gdask,https://www.google.com/maps/place/MEON+EMS+studio+Gda%C5%84sk/data=!4m7!3m6!1s0x46fd75b3cbb72daf:0x96a386481498da5c!8m2!3d54.3823734!4d18.5860922!16s%2Fg%2F11qz95rc9q!19sChIJry23y7N1_UYRXNqYFEiGo5Y?authuser=0&hl=en&rclk=1
54.3809089,18.5958561,silownia,Siownia trainPRO,https://www.google.com/maps/place/Si%C5%82ownia+trainPRO/data=!4m7!3m6!1s0x46fd75ccde3051ff:0x90869fbf334e43dc!8m2!3d54.3809089!4d18.5958561!16s%2Fg%2F11frjbg246!19sChIJ_1Ew3sx1_UYR3ENOM7-fhpA?authuser=0&hl=en&rclk=1
54.3770237,18.6053331,silownia,MOVE4LIFE,https://www.google.com/maps/place/MOVE4LIFE/data=!4m7!3m6!1s0x46fd75fe3f4734f5:0xe04a3fb8ea70bc3c!8m2!3d54.3770237!4d18.6053331!16s%2Fg%2F11rjbcv4fx!19sChIJ9TRHP_51_UYRPLxw6rg_SuA?authuser=0&hl=en&rclk=1
54.3556043,18.6143403,silownia,Fitness Klub ZDROFIT Gdask - Suchanino,https://www.google.com/maps/place/Fitness+Klub+ZDROFIT+Gda%C5%84sk+-+Suchanino/data=!4m7!3m6!1s0x46fd747e6f1b5c3b:0xe431993fe1e9d425!8m2!3d54.3556043!4d18.6143403!16s%2Fg%2F11g6jb2c0g!19sChIJO1wbb350_UYRJdTp4T-ZMeQ?authuser=0&hl=en&rclk=1
54.3226378,18.5531688,silownia,Fitness Klub ZDROFIT Gdask - CH Rental Park,https://www.google.com/maps/place/Fitness+Klub+ZDROFIT+Gda%C5%84sk+-+CH+Rental+Park/data=!4m7!3m6!1s0x46fd7509def8309d:0x6362530295153415!8m2!3d54.3226378!4d18.5531688!16s%2Fg%2F11g2zcn4pm!19sChIJnTD43gl1_UYRFTQVlQJTYmM?authuser=0&hl=en&rclk=1
54.3721758,18.5238065,silownia,Siownia na wie偶ym powietrzu,https://www.google.com/maps/place/Si%C5%82ownia+na+%C5%9Bwie%C5%BCym+powietrzu/data=!4m7!3m6!1s0x46fd7519dcabd815:0xc01cfa8dbc6ab611!8m2!3d54.3721758!4d18.5238065!16s%2Fg%2F11tccc7qlj!19sChIJFdir3Bl1_UYREbZqvI36HMA?authuser=0&hl=en&rclk=1
54.3606127,18.5877129,silownia,Premium Fitness & Gym - Club and Gym,https://www.google.com/maps/place/Premium+Fitness+%26+Gym+-+Club+and+Gym/data=!4m7!3m6!1s0x46fd745feb043313:0x7921b3e1f4a47641!8m2!3d54.3606127!4d18.5877129!16s%2Fg%2F11cm0g8hqf!19sChIJEzME6190_UYRQXak9OGzIXk?authuser=0&hl=en&rclk=1
54.3773231,18.5743205,silownia,Siownia pod chmurkchmurk,https://www.google.com/maps/place/Si%C5%82ownia+pod+chmurk%C4%85chmurk%C4%85/data=!4m7!3m6!1s0x46fd75bb80602eaf:0x6a9766243ef78cdc!8m2!3d54.3773231!4d18.5743205!16s%2Fg%2F11fj6vskdd!19sChIJry5ggLt1_UYR3Iz3PiRml2o?authuser=0&hl=en&rclk=1
54.3526019,18.5939831,silownia,Calypso Fitness and Gym Danzig Zigankenberg,https://www.google.com/maps/place/Calypso+Fitness+and+Gym+Danzig+Zigankenberg/data=!4m7!3m6!1s0x46fd74642f31e0a1:0x288874045ebffbd!8m2!3d54.3526019!4d18.5939831!16s%2Fg%2F11c4b3104r!19sChIJoeAxL2R0_UYRvf_rRUCHiAI?authuser=0&hl=en&rclk=1
54.357397,18.6917,silownia,Drakkar Gdansk Rowing Club,https://www.google.com/maps/place/Drakkar+Gdansk+Rowing+Club/data=!4m7!3m6!1s0x46fd731d38900fd1:0xd521a6ed111d2c94!8m2!3d54.357397!4d18.6917!16s%2Fg%2F1tcxnc64!19sChIJ0Q-QOB1z_UYRlCwdEe2mIdU?authuser=0&hl=en&rclk=1
54.3589877,18.6796034,silownia,Knockout Fight & Gym,https://www.google.com/maps/place/Knockout+Fight+%26+Gym/data=!4m7!3m6!1s0x46fd73629c66533d:0xa2ff8d696a719e42!8m2!3d54.3589877!4d18.6796034!16s%2Fg%2F11gy7_k_f9!19sChIJPVNmnGJz_UYRQp5xammN_6I?authuser=0&hl=en&rclk=1
54.3377876,18.6119613,silownia,ZDROFIT,https://www.google.com/maps/place/ZDROFIT/data=!4m7!3m6!1s0x46fd738af1abebfb:0xbaac1760a5d91070!8m2!3d54.3377876!4d18.6119613!16s%2Fg%2F11bw673vbq!19sChIJ--ur8Ypz_UYRcBDZpWAXrLo?authuser=0&hl=en&rclk=1
54.336478,18.6204508,silownia,Premium Fitness & Gym - Klub i Siownia,https://www.google.com/maps/place/Premium+Fitness+%26+Gym+-+Klub+i+Si%C5%82ownia/data=!4m7!3m6!1s0x46fd738cf9e30b73:0x447e11b1bf6025df!8m2!3d54.336478!4d18.6204508!16s%2Fg%2F11c3xb2ktj!19sChIJcwvj-Yxz_UYR3yVgv7ERfkQ?authuser=0&hl=en&rclk=1
54.324464,18.609995,silownia,CityFitness,https://www.google.com/maps/place/CityFitness/data=!4m7!3m6!1s0x46fd73f0a61ae6e9:0x26996197962c3b9d!8m2!3d54.324464!4d18.609995!16s%2Fg%2F1hc2s81y3!19sChIJ6eYapvBz_UYRnTsslpdhmSY?authuser=0&hl=en&rclk=1
54.329899,18.6049984,silownia,Klub Fitness i Siownia Total Fitness Gdask,https://www.google.com/maps/place/Klub+Fitness+i+Si%C5%82ownia+Total+Fitness+Gda%C5%84sk/data=!4m7!3m6!1s0x46fd7375555dc715:0xae5df47a841e695!8m2!3d54.329899!4d18.6049984!16s%2Fg%2F11fsvqjj2n!19sChIJFcddVXVz_UYRleZBqEff5Qo?authuser=0&hl=en&rclk=1
54.36401,18.4607007,silownia,FUNFIT-GYM&FITNESS,https://www.google.com/maps/place/FUNFIT-GYM%26FITNESS/data=!4m7!3m6!1s0x46fd9e3c13400001:0xbb0d10be4e7ca98c!8m2!3d54.36401!4d18.4607007!16s%2Fg%2F11h48wm7r3!19sChIJAQBAEzye_UYRjKl8Tr4QDbs?authuser=0&hl=en&rclk=1
54.3597094,18.5154588,silownia,Outdoor fitness,https://www.google.com/maps/place/Outdoor+fitness/data=!4m7!3m6!1s0x46fd7597b7b7a95b:0x8d9dd5db21f364de!8m2!3d54.3597094!4d18.5154588!16s%2Fg%2F11g9sywfrj!19sChIJW6m3t5d1_UYR3mTzIdvVnY0?authuser=0&hl=en&rclk=1
54.3329607,18.5660151,silownia,Zbiornik Retencyjny Jaboniowa i Siownia Na wie偶ym Powietrzu,https://www.google.com/maps/place/Zbiornik+Retencyjny+Jab%C5%82oniowa+i+Si%C5%82ownia+Na+%C5%9Awie%C5%BCym+Powietrzu/data=!4m7!3m6!1s0x46fd743d1eebed17:0xa4821dd2c4175224!8m2!3d54.3329607!4d18.5660151!16s%2Fg%2F11dxl38554!19sChIJF-3rHj10_UYRJFIXxNIdgqQ?authuser=0&hl=en&rclk=1
54.3600481,18.5750253,silownia,Siownia zewntrzna,https://www.google.com/maps/place/Si%C5%82ownia+zewn%C4%99trzna/data=!4m7!3m6!1s0x46fd75cd340f294f:0xf6cdf67e7c994efe!8m2!3d54.3600481!4d18.5750253!16s%2Fg%2F11hz021pyf!19sChIJTykPNM11_UYR_k6ZfH72zfY?authuser=0&hl=en&rclk=1
54.3616606,18.5730326,silownia,Siownia plenerowa Gdask Czecha,https://www.google.com/maps/place/Si%C5%82ownia+plenerowa+Gda%C5%84sk+Czecha/data=!4m7!3m6!1s0x46fd7580aa5fe33f:0x7e96084181c5868!8m2!3d54.3616606!4d18.5730326!16s%2Fg%2F11fnpln3kc!19sChIJP-NfqoB1_UYRaFgcGIRg6Qc?authuser=0&hl=en&rclk=1
54.3599096,18.6015648,silownia,"Siownia zewntrzna, siownia pod chmurk","https://www.google.com/maps/place/Si%C5%82ownia+zewn%C4%99trzna,+si%C5%82ownia+pod+chmurk%C4%85/data=!4m7!3m6!1s0x46fd7489d7468b9d:0x44a86a21235f5172!8m2!3d54.3599096!4d18.6015648!16s%2Fg%2F1jkz918xm!19sChIJnYtG14l0_UYRclFfIyFqqEQ?authuser=0&hl=en&rclk=1"
54.3530908,18.6099396,silownia,Aquarius Fitness & Wellness,https://www.google.com/maps/place/Aquarius+Fitness+%26+Wellness/data=!4m7!3m6!1s0x46fd747c043fa1fb:0x22f21bb7b37471b6!8m2!3d54.3530908!4d18.6099396!16s%2Fg%2F1vs1qkl8!19sChIJ-6E_BHx0_UYRtnF0s7cb8iI?authuser=0&hl=en&rclk=1
54.3618155,18.6542849,silownia,Centrum Sportu Stocznia,https://www.google.com/maps/place/Centrum+Sportu+Stocznia/data=!4m7!3m6!1s0x46fd7372005fd75f:0xc149d97bda58b499!8m2!3d54.3618155!4d18.6542849!16s%2Fg%2F11b6n8_cld!19sChIJX9dfAHJz_UYRmbRY2nvZScE?authuser=0&hl=en&rclk=1
54.3648032,18.7079264,silownia,Park kalisteniczny,https://www.google.com/maps/place/Park+kalisteniczny/data=!4m7!3m6!1s0x46fd72e74cd71f41:0x3e5bf2b41bf2ced1!8m2!3d54.3648032!4d18.7079264!16s%2Fg%2F11g9g2pv_b!19sChIJQR_XTOdy_UYR0c7yG7TyWz4?authuser=0&hl=en&rclk=1
54.3280824,18.6148407,silownia,All Time Fitness,https://www.google.com/maps/place/All+Time+Fitness/data=!4m7!3m6!1s0x46fd73f1735c9fa7:0xfec52f987aa2c3d3!8m2!3d54.3280824!4d18.6148407!16s%2Fg%2F11c31y5x9_!19sChIJp59cc_Fz_UYR08Oiepgvxf4?authuser=0&hl=en&rclk=1
54.3390991,18.8902324,silownia,Siownia Kalistenika,https://www.google.com/maps/place/Si%C5%82ownia+Kalistenika/data=!4m7!3m6!1s0x46fd6da645bb5d3b:0x36e06a2da9b521d3!8m2!3d54.3390991!4d18.8902324!16s%2Fg%2F11k5zzp9bn!19sChIJO127RaZt_UYR0yG1qS1q4DY?authuser=0&hl=en&rclk=1
54.2645863,18.6641711,silownia,Good Luck Club Kasprowicza,https://www.google.com/maps/place/Good+Luck+Club+Kasprowicza/data=!4m7!3m6!1s0x46fd71ca0195a52b:0xc33ef5aacb365418!8m2!3d54.2645863!4d18.6641711!16s%2Fg%2F11f34t21lt!19sChIJK6WVAcpx_UYRGFQ2y6r1PsM?authuser=0&hl=en&rclk=1
54.3480568,18.455177,silownia,Siownia zewntrzna,https://www.google.com/maps/place/Si%C5%82ownia+zewn%C4%99trzna/data=!4m7!3m6!1s0x46fd9f2cbaac6a8b:0x8ee633c589d575e1!8m2!3d54.3480568!4d18.455177!16s%2Fg%2F11rtbfj9nt!19sChIJi2qsuiyf_UYR4XXVicUz5o4?authuser=0&hl=en&rclk=1
54.3114281,18.56728,silownia,Calypso Fitness i Siownia Gdask Kowale,https://www.google.com/maps/place/Calypso+Fitness+i+Si%C5%82ownia+Gda%C5%84sk+Kowale/data=!4m7!3m6!1s0x46fd76a4f86edfb3:0x6645cc7fafbfd4db!8m2!3d54.3114281!4d18.56728!16s%2Fg%2F11b6p78vc2!19sChIJs99u-KR2_UYR29S_r3_MRWY?authuser=0&hl=en&rclk=1
54.3501277,18.5279705,silownia,Siownia na wie偶ym powietrzu / Street workout Decathlon,https://www.google.com/maps/place/Si%C5%82ownia+na+%C5%9Bwie%C5%BCym+powietrzu+%2F+Street+workout+Decathlon/data=!4m7!3m6!1s0x46fd75ca2e88e289:0x92f68b2403a1816d!8m2!3d54.3501277!4d18.5279705!16s%2Fg%2F11jn48dq35!19sChIJieKILsp1_UYRbYGhAySL9pI?authuser=0&hl=en&rclk=1
54.35159,18.5253557,silownia,Just GYM,https://www.google.com/maps/place/Just+GYM/data=!4m7!3m6!1s0x46fd758ca6fd6b73:0x4a7c4791f51cb5ee!8m2!3d54.35159!4d18.5253557!16s%2Fg%2F11tfxpgy8k!19sChIJc2v9pox1_UYR7rUc9ZFHfEo?authuser=0&hl=en&rclk=1
54.3486186,18.5899381,silownia,Fit Point EMS,https://www.google.com/maps/place/Fit+Point+EMS/data=!4m7!3m6!1s0x46fd75dcd3465acd:0xe992551000c02d2d!8m2!3d54.3486186!4d18.5899381!16s%2Fg%2F11s57m6wbj!19sChIJzVpG09x1_UYRLS3AABBVkuk?authuser=0&hl=en&rclk=1
54.3488696,18.6648417,silownia,Street Workout Park,https://www.google.com/maps/place/Street+Workout+Park/data=!4m7!3m6!1s0x46fd7390d7fe3025:0x4916292604b84946!8m2!3d54.3488696!4d18.6648417!16s%2Fg%2F11jpk9m3kn!19sChIJJTD-15Bz_UYRRkm4BCYpFkk?authuser=0&hl=en&rclk=1
54.3487943,18.6639543,silownia,Siownia na wie偶ym powietrzu,https://www.google.com/maps/place/Si%C5%82ownia+na+%C5%9Bwie%C5%BCym+powietrzu/data=!4m7!3m6!1s0x46fd738cd1be590d:0x956b2e7496ddc663!8m2!3d54.3487943!4d18.6639543!16s%2Fg%2F11jn4_p9bt!19sChIJDVm-0Yxz_UYRY8bdlnQua5U?authuser=0&hl=en&rclk=1
54.3022225,18.5773297,silownia,Gdask NH Fitness,https://www.google.com/maps/place/Gda%C5%84sk+NH+Fitness/data=!4m7!3m6!1s0x46fd76b3934055c9:0x37bf6c2b8c3c539f!8m2!3d54.3022225!4d18.5773297!16s%2Fg%2F125_wghnc!19sChIJyVVAk7N2_UYRn1M8jCtsvzc?authuser=0&hl=en&rclk=1
54.3320575,18.5532929,silownia,Siownia plenerowa,https://www.google.com/maps/place/Si%C5%82ownia+plenerowa/data=!4m7!3m6!1s0x46fd742542297813:0xf03753f3e7cc87f7!8m2!3d54.3320575!4d18.5532929!16s%2Fg%2F11f3p13w6r!19sChIJE3gpQiV0_UYR94fM5_NTN_A?authuser=0&hl=en&rclk=1
54.326944,18.624748,silownia,"STUDIO SPORTOWE ""PETRUS""",https://www.google.com/maps/place/STUDIO+SPORTOWE+%22PETRUS%22/data=!4m7!3m6!1s0x46fd73ee854dcbd9:0x7a07da95c1c39376!8m2!3d54.326944!4d18.624748!16s%2Fg%2F11dfx6l5qs!19sChIJ2ctNhe5z_UYRdpPDwZXaB3o?authuser=0&hl=en&rclk=1
54.3373473,18.6573667,silownia,Park Street Workout,https://www.google.com/maps/place/Park+Street+Workout/data=!4m7!3m6!1s0x46fd73083fc23ff9:0x238ad4e43332f91c!8m2!3d54.3373473!4d18.6573667!16s%2Fg%2F11ll1kv65g!19sChIJ-T_CPwhz_UYRHPkyM-TUiiM?authuser=0&hl=en&rclk=1
54.3421035,18.6565383,silownia,Hike Gym - |Trener personalny |Przygotowanie motoryczne,https://www.google.com/maps/place/Hike+Gym+-+%7CTrener+personalny+%7CPrzygotowanie+motoryczne/data=!4m7!3m6!1s0x46fd737699af5307:0x2231ebcdd1090ad0!8m2!3d54.3421035!4d18.6565383!16s%2Fg%2F11s4_bmnfg!19sChIJB1OvmXZz_UYR0AoJ0c3rMSI?authuser=0&hl=en&rclk=1
54.3394037,18.6590066,silownia,Siownia pod chmurk,https://www.google.com/maps/place/Si%C5%82ownia+pod+chmurk%C4%85/data=!4m7!3m6!1s0x46fd73bcb7a3f8eb:0xf7a62844c26211e9!8m2!3d54.3394037!4d18.6590066!16s%2Fg%2F11n0409mky!19sChIJ6_ijt7xz_UYR6RFiwkQopvc?authuser=0&hl=en&rclk=1
54.3322,18.7982999,silownia,"Siownia ""Pod Chmurk""",https://www.google.com/maps/place/Si%C5%82ownia+%22Pod+Chmurk%C4%85%22/data=!4m7!3m6!1s0x46fd6d08eb7931c3:0xfd07fa02b57e72c5!8m2!3d54.3322!4d18.7982999!16s%2Fg%2F11c46568q_!19sChIJwzF56wht_UYRxXJ-tQL6B_0?authuser=0&hl=en&rclk=1
54.340406,18.802501,silownia,"Siownia ""Pod Chmurk""",https://www.google.com/maps/place/Si%C5%82ownia+%22Pod+Chmurk%C4%85%22/data=!4m7!3m6!1s0x46fd6d11caf23e55:0x4fe974ec8507c7e4!8m2!3d54.340406!4d18.802501!16s%2Fg%2F11cp7xdmhj!19sChIJVT7yyhFt_UYR5McHhex06U8?authuser=0&hl=en&rclk=1
54.3159414,18.6038248,silownia,36MINUT Orunia G贸rna,https://www.google.com/maps/place/36MINUT+Orunia+G%C3%B3rna/data=!4m7!3m6!1s0x46fd7372461a7e2d:0x25eba5f67e98eead!8m2!3d54.3159414!4d18.6038248!16s%2Fg%2F11g4cjpq_6!19sChIJLX4aRnJz_UYRre6Yfval6yU?authuser=0&hl=en&rclk=1
54.3200449,18.5949269,silownia,Stacja Kobiet. Klub Sportowy,https://www.google.com/maps/place/Stacja+Kobiet.+Klub+Sportowy/data=!4m7!3m6!1s0x46fd754e717af02f:0x7211bc2dbf3bdeb8!8m2!3d54.3200449!4d18.5949269!16s%2Fg%2F11rj974x6k!19sChIJL_B6cU51_UYRuN47vy28EXI?authuser=0&hl=en&rclk=1
54.3216547,18.6279374,silownia,Gym under a cloud,https://www.google.com/maps/place/Gym+under+a+cloud/data=!4m7!3m6!1s0x46fd73e62a1fd529:0x7a889b637a3daad4!8m2!3d54.3216547!4d18.6279374!16s%2Fg%2F11dzh_v8t7!19sChIJKdUfKuZz_UYR1Ko9emObiHo?authuser=0&hl=en&rclk=1
54.3144787,18.5902116,silownia,Plac zabaw & Siownia,https://www.google.com/maps/place/Plac+zabaw+%26+Si%C5%82ownia/data=!4m7!3m6!1s0x46fd76aaea83363f:0x27689a9d53876184!8m2!3d54.3144787!4d18.5902116!16s%2Fg%2F11c4lys1zj!19sChIJPzaD6qp2_UYRhGGHU52aaCc?authuser=0&hl=en&rclk=1
54.3126836,18.6299059,silownia,Husarz gym,https://www.google.com/maps/place/Husarz+gym/data=!4m7!3m6!1s0x46fd73b9b90300c5:0xf8378a5aa3e099e8!8m2!3d54.3126836!4d18.6299059!16s%2Fg%2F11j_zq2b98!19sChIJxQADublz_UYR6Jngo1qKN_g?authuser=0&hl=en&rclk=1
54.2568801,18.635248,silownia,ProFit GYM - Siownia Pruszcz Gdaski,https://www.google.com/maps/place/ProFit+GYM+-+Si%C5%82ownia+Pruszcz+Gda%C5%84ski/data=!4m7!3m6!1s0x46fd70516df83275:0x7930c58d4fdb2a67!8m2!3d54.2568801!4d18.635248!16s%2Fg%2F11cn186160!19sChIJdTL4bVFw_UYRZyrbT43FMHk?authuser=0&hl=en&rclk=1
54.2597681,18.6582734,silownia,Fitness Club Bingo,https://www.google.com/maps/place/Fitness+Club+Bingo/data=!4m7!3m6!1s0x46fd7034444a0c7f:0xcb2b6db2343c1455!8m2!3d54.2597681!4d18.6582734!16s%2Fg%2F1hc94dnx8!19sChIJfwxKRDRw_UYRVRQ8NLJtK8s?authuser=0&hl=en&rclk=1
54.296538,18.556339,silownia,Plac zabaw,https://www.google.com/maps/place/Plac+zabaw/data=!4m7!3m6!1s0x46fd778e24b0bacb:0xb1cc3df05a41a42d!8m2!3d54.296538!4d18.556339!16s%2Fg%2F11gm7vnkbk!19sChIJy7qwJI53_UYRLaRBWvA9zLE?authuser=0&hl=en&rclk=1
54.3009086,18.5945441,silownia,FitPark Borkowo,https://www.google.com/maps/place/FitPark+Borkowo/data=!4m7!3m6!1s0x46fd714e8bb6af0b:0x925c1f3ef104011b!8m2!3d54.3009086!4d18.5945441!16s%2Fg%2F11c5g9mpzc!19sChIJC6-2i05x_UYRGwEE8T4fXJI?authuser=0&hl=en&rclk=1
54.2680325,18.6251838,silownia,Good Luck Club Domeyki,https://www.google.com/maps/place/Good+Luck+Club+Domeyki/data=!4m7!3m6!1s0x46fd71010dd47481:0xd8242fd241df3d4d!8m2!3d54.2680325!4d18.6251838!16s%2Fg%2F11ggbqcj75!19sChIJgXTUDQFx_UYRTT3fQdIvJNg?authuser=0&hl=en&rclk=1
54.2655773,18.630962,silownia,36 MINUT,https://www.google.com/maps/place/36+MINUT/data=!4m7!3m6!1s0x46fd71aab8ce8fcb:0x6a1115a3971aa2cf!8m2!3d54.2655773!4d18.630962!16s%2Fg%2F11csrbtjl4!19sChIJy4_OuKpx_UYRz6Ial6MVEWo?authuser=0&hl=en&rclk=1
54.3229809,19.1747536,silownia,JOGYM siownia i fitness,https://www.google.com/maps/place/JOGYM+si%C5%82ownia+i+fitness/data=!4m7!3m6!1s0x46fd393c1620578b:0xaee8e7fe23b6ed38!8m2!3d54.3229809!4d19.1747536!16s%2Fg%2F11h40xvrcg!19sChIJi1cgFjw5_UYROO22I_7n6K4?authuser=0&hl=en&rclk=1
54.2703729,18.4677337,silownia,Plac zabaw,https://www.google.com/maps/place/Plac+zabaw/data=!4m7!3m6!1s0x46fd773b70ae48b9:0x11045bbcd2e4fd53!8m2!3d54.2703729!4d18.4677337!16s%2Fg%2F11h38fwcqx!19sChIJuUiucDt3_UYRU_3k0rxbBBE?authuser=0&hl=en&rclk=1
54.2544425,18.6336456,silownia,Hidden Beauty Fitness For Women,https://www.google.com/maps/place/Hidden+Beauty+Fitness+For+Women/data=!4m7!3m6!1s0x46fd7050f12a366d:0xaae6cf3d27317905!8m2!3d54.2544425!4d18.6336456!16s%2Fg%2F11ddxskdxj!19sChIJbTYq8VBw_UYRBXkxJz3P5qo?authuser=0&hl=en&rclk=1
54.2724736,18.8728437,silownia,Stadion KCM,https://www.google.com/maps/place/Stadion+KCM/data=!4m7!3m6!1s0x46fd6b7edd606687:0x7973c65c765b88bc!8m2!3d54.2724736!4d18.8728437!16s%2Fg%2F11m8bnrz1s!19sChIJh2Zg3X5r_UYRvIhbdlzGc3k?authuser=0&hl=en&rclk=1
54.1506118,18.7106323,silownia,Studio Relax,https://www.google.com/maps/place/Studio+Relax/data=!4m7!3m6!1s0x46fd644f9b11913d:0xc0dd52f7955e3bba!8m2!3d54.1506118!4d18.7106323!16s%2Fg%2F11ckjc3vhj!19sChIJPZERm09k_UYRujtelfdS3cA?authuser=0&hl=en&rclk=1
